FacilityId,SuplierId,ContractStartDate,ContractEndDate
FAC0001,3,3/5/2015,7/5/2017
FAC0001,35,7/22/2018,7/22/2021
FAC0001,39,10/11/2016,8/11/2018
FAC0001,87,5/14/2020,3/14/2023
FAC0001,115,5/3/2017,12/3/2019
FAC0001,119,10/24/2016,12/24/2018
FAC0001,7,11/5/2020,5/5/2023
FAC0001,75,6/9/2021,4/9/2024
FAC0001,101,5/29/2022,3/29/2025
FAC0001,8,4/20/2017,3/20/2019
FAC0001,62,5/31/2021,2/29/2024
FAC0001,65,1/8/2015,1/8/2017
FAC0001,109,6/29/2015,6/29/2017
FAC0002,11,2/4/2017,6/4/2019
FAC0002,26,9/5/2017,10/5/2018
FAC0002,38,7/13/2024,12/13/2026
FAC0002,60,4/24/2017,9/24/2018
FAC0002,77,2/17/2019,1/17/2021
FAC0002,8,12/18/2015,4/18/2018
FAC0002,62,7/12/2023,3/12/2026
FAC0002,65,12/3/2023,8/3/2026
FAC0002,109,8/1/2024,11/1/2026
FAC0002,27,8/5/2022,6/5/2025
FAC0002,29,6/15/2018,4/15/2021
FAC0002,45,4/15/2017,3/15/2020
FAC0002,82,12/11/2023,9/11/2026
FAC0002,107,7/13/2016,4/13/2018
FAC0004,11,4/26/2018,1/26/2021
FAC0004,26,9/25/2016,11/25/2017
FAC0004,38,4/16/2016,1/16/2019
FAC0004,60,5/25/2017,2/25/2019
FAC0004,77,7/24/2020,5/24/2022
FAC0004,5,4/3/2019,6/3/2020
FAC0004,70,10/19/2021,4/19/2024
FAC0004,93,3/12/2021,2/12/2024
FAC0004,108,10/17/2019,7/17/2021
FAC0009,41,6/13/2019,5/13/2022
FAC0009,49,4/6/2019,1/6/2022
FAC0009,53,6/13/2023,12/13/2024
FAC0009,63,2/9/2022,2/9/2024
FAC0009,72,4/3/2020,10/3/2022
FAC0009,83,2/15/2023,9/15/2025
FAC0009,88,9/19/2019,3/19/2022
FAC0009,30,7/31/2015,5/31/2017
FAC0009,64,9/20/2021,1/20/2024
FAC0009,97,11/23/2018,10/23/2021
FAC0009,120,8/10/2023,9/10/2025
FAC0009,7,8/14/2018,3/14/2020
FAC0009,75,3/3/2017,2/3/2019
FAC0009,101,10/17/2016,4/17/2018
FAC0009,2,9/14/2024,11/14/2026
FAC0009,43,3/5/2015,12/5/2017
FAC0009,69,1/3/2016,1/3/2018
FAC0009,100,4/6/2016,10/6/2017
FAC0010,30,3/9/2019,2/9/2022
FAC0010,64,3/26/2016,3/26/2019
FAC0010,97,10/19/2022,11/19/2023
FAC0010,120,9/1/2021,11/1/2023
FAC0010,36,5/14/2023,11/14/2024
FAC0010,80,5/7/2019,6/7/2021
FAC0010,84,1/31/2016,12/31/2017
FAC0010,98,5/13/2024,8/13/2026
FAC0010,118,4/17/2023,11/17/2024
FAC0010,5,9/29/2021,12/29/2022
FAC0010,70,7/27/2024,3/27/2026
FAC0010,93,5/1/2024,4/1/2027
FAC0010,108,2/15/2018,8/15/2020
FAC0011,28,10/26/2015,2/26/2018
FAC0011,31,11/17/2022,7/17/2024
FAC0011,68,2/27/2017,7/27/2019
FAC0011,111,11/19/2017,4/19/2019
FAC0011,112,1/6/2021,6/6/2022
FAC0011,117,10/29/2021,11/29/2022
FAC0011,2,4/13/2019,4/13/2021
FAC0011,43,3/16/2018,4/16/2020
FAC0011,69,6/1/2024,9/1/2026
FAC0011,100,5/22/2024,5/22/2026
FAC0011,30,6/22/2022,9/22/2024
FAC0011,64,10/6/2020,12/6/2022
FAC0011,97,7/19/2016,4/19/2018
FAC0011,120,8/28/2019,8/28/2021
FAC0011,41,5/17/2016,11/17/2017
FAC0011,49,1/28/2015,9/28/2016
FAC0011,53,7/25/2024,5/25/2026
FAC0011,63,7/12/2019,3/12/2022
FAC0011,72,2/12/2022,2/12/2024
FAC0011,83,6/24/2021,10/24/2022
FAC0011,88,7/10/2019,12/10/2021
FAC0012,3,7/22/2018,1/22/2021
FAC0012,35,10/12/2023,3/12/2025
FAC0012,39,1/2/2015,5/2/2016
FAC0012,87,4/5/2023,2/5/2025
FAC0012,115,12/13/2024,12/13/2026
FAC0012,119,1/24/2024,5/24/2026
FAC0012,7,8/25/2019,10/25/2020
FAC0012,75,2/28/2016,6/28/2018
FAC0012,101,2/20/2022,5/20/2024
FAC0012,,8/3/2023,12/3/2024
FAC0012,2,5/25/2019,11/25/2020
FAC0012,43,9/30/2016,6/30/2019
FAC0012,69,1/28/2022,10/28/2024
FAC0012,100,2/9/2016,9/9/2018
FAC0019,41,8/18/2022,2/18/2024
FAC0019,49,9/4/2017,11/4/2019
FAC0019,53,3/7/2015,4/7/2016
FAC0019,63,11/11/2021,7/11/2024
FAC0019,72,10/1/2015,10/1/2018
FAC0019,83,9/12/2023,12/12/2025
FAC0019,88,10/5/2024,4/5/2026
FAC0019,11,12/17/2019,7/17/2021
FAC0019,26,11/14/2020,3/14/2022
FAC0019,38,9/21/2018,8/21/2020
FAC0019,60,1/1/2016,5/1/2017
FAC0019,77,7/25/2024,3/25/2027
FAC0019,4,10/26/2024,7/26/2027
FAC0019,13,2/12/2015,1/12/2017
FAC0019,15,4/17/2024,8/17/2026
FAC0019,42,9/9/2022,2/9/2024
FAC0019,51,11/13/2023,3/13/2026
FAC0019,78,3/5/2020,3/5/2023
FAC0019,113,5/10/2022,9/10/2023
FAC0021,30,8/13/2022,4/13/2025
FAC0021,64,7/23/2022,6/23/2025
FAC0021,97,2/25/2020,1/25/2023
FAC0021,120,5/25/2015,6/25/2016
FAC0021,11,10/24/2018,9/24/2020
FAC0021,26,4/3/2017,11/3/2018
FAC0021,38,3/6/2019,12/6/2020
FAC0021,60,1/1/2019,6/1/2021
FAC0021,77,5/29/2022,4/29/2025
FAC0021,3,2/20/2019,4/20/2021
FAC0021,35,7/29/2024,5/29/2027
FAC0021,39,4/23/2016,7/23/2018
FAC0021,87,8/28/2020,8/28/2023
FAC0021,115,4/6/2022,8/6/2024
FAC0021,119,12/9/2020,3/9/2022
FAC0025,7,4/14/2021,5/14/2023
FAC0025,75,5/8/2015,10/8/2017
FAC0025,101,3/6/2019,8/6/2021
FAC0025,41,6/26/2021,9/26/2022
FAC0025,49,6/14/2022,5/14/2025
FAC0025,53,3/26/2021,9/26/2023
FAC0025,63,6/29/2018,7/29/2020
FAC0025,72,10/4/2017,8/4/2020
FAC0025,83,1/1/2022,9/1/2023
FAC0025,88,11/7/2024,10/7/2027
FAC0025,4,10/22/2022,12/22/2024
FAC0025,13,4/13/2015,1/13/2018
FAC0025,15,1/4/2022,1/4/2025
FAC0025,42,10/18/2024,11/18/2026
FAC0025,51,1/28/2020,6/28/2021
FAC0025,78,4/3/2019,8/3/2021
FAC0025,113,11/6/2022,3/6/2024
FAC0026,27,9/15/2016,8/15/2019
FAC0026,29,4/21/2015,7/21/2017
FAC0026,45,6/15/2015,5/15/2017
FAC0026,82,9/5/2022,7/5/2025
FAC0026,107,9/9/2024,5/9/2026
FAC0026,28,12/11/2018,1/11/2021
FAC0026,31,3/16/2017,5/16/2018
FAC0026,68,10/31/2021,7/31/2023
FAC0026,111,8/19/2022,12/19/2024
FAC0026,112,6/20/2016,5/20/2018
FAC0026,117,1/22/2021,12/22/2022
FAC0027,41,8/18/2023,9/18/2025
FAC0027,49,11/17/2016,7/17/2018
FAC0027,53,9/15/2015,12/15/2016
FAC0027,63,7/16/2022,12/16/2024
FAC0027,72,2/7/2018,5/7/2019
FAC0027,83,9/17/2015,3/17/2018
FAC0027,88,5/8/2023,1/8/2026
FAC0027,11,9/16/2015,8/16/2018
FAC0027,26,8/28/2018,7/28/2021
FAC0027,38,5/10/2022,12/10/2024
FAC0027,60,11/14/2018,2/14/2020
FAC0027,77,10/20/2020,5/20/2023
FAC0027,36,5/21/2017,8/21/2018
FAC0027,80,8/19/2022,7/19/2025
FAC0027,84,6/6/2019,12/6/2020
FAC0027,98,4/18/2015,1/18/2018
FAC0027,118,2/19/2020,1/19/2022
FAC0029,28,12/23/2015,7/23/2018
FAC0029,31,9/20/2020,9/20/2023
FAC0029,68,6/8/2015,4/8/2018
FAC0029,111,8/23/2021,10/23/2022
FAC0029,112,4/28/2017,5/28/2018
FAC0029,117,9/20/2017,11/20/2019
FAC0029,36,8/19/2023,11/19/2025
FAC0029,80,4/29/2018,4/29/2020
FAC0029,84,12/23/2020,5/23/2022
FAC0029,98,3/28/2018,12/28/2020
FAC0029,118,7/10/2015,10/10/2017
FAC0031,,2/19/2023,5/19/2024
FAC0031,2,4/27/2017,2/27/2020
FAC0031,43,1/30/2018,2/29/2020
FAC0031,69,5/9/2019,4/9/2022
FAC0031,100,10/11/2016,8/11/2018
FAC0031,8,8/12/2023,6/12/2026
FAC0031,62,2/16/2019,12/16/2020
FAC0031,65,2/8/2024,7/8/2025
FAC0031,109,6/2/2016,6/2/2018
FAC0038,,4/5/2021,10/5/2022
FAC0038,7,9/19/2024,4/19/2026
FAC0038,75,3/23/2016,7/23/2018
FAC0038,101,8/18/2023,7/18/2025
FAC0038,30,8/5/2017,6/5/2020
FAC0038,64,4/23/2021,4/23/2024
FAC0038,97,1/19/2020,2/19/2021
FAC0038,120,11/1/2017,7/1/2019
FAC0038,28,6/23/2021,5/23/2023
FAC0038,31,5/18/2021,8/18/2023
FAC0038,68,11/7/2017,1/7/2020
FAC0038,111,11/23/2018,6/23/2021
FAC0038,112,10/7/2023,5/7/2026
FAC0038,117,9/24/2023,9/24/2025
FAC0038,36,3/6/2019,1/6/2022
FAC0038,80,4/12/2015,7/12/2016
FAC0038,84,5/28/2022,9/28/2024
FAC0038,98,6/24/2018,6/24/2021
FAC0038,118,7/8/2023,4/8/2025
FAC0039,3,8/9/2020,6/9/2023
FAC0039,35,2/9/2017,7/9/2018
FAC0039,39,12/29/2015,1/29/2018
FAC0039,87,2/18/2015,9/18/2016
FAC0039,115,5/19/2017,10/19/2018
FAC0039,119,6/25/2024,4/25/2027
FAC0039,5,11/1/2016,6/1/2018
FAC0039,70,6/25/2016,2/25/2019
FAC0039,93,7/8/2022,8/8/2023
FAC0039,108,6/12/2022,4/12/2024
FAC0039,27,10/2/2024,7/2/2026
FAC0039,29,12/12/2016,3/12/2019
FAC0039,45,6/23/2023,8/23/2024
FAC0039,82,11/7/2020,4/7/2022
FAC0039,107,6/28/2016,7/28/2017
FAC0039,30,4/10/2015,7/10/2017
FAC0039,64,12/15/2019,9/15/2022
FAC0039,97,6/14/2016,7/14/2018
FAC0039,120,12/3/2016,5/3/2018
FAC0042,8,2/29/2020,11/29/2021
FAC0042,62,10/1/2019,10/1/2021
FAC0042,65,11/25/2023,11/25/2026
FAC0042,109,11/12/2021,6/12/2023
FAC0042,3,2/12/2023,11/12/2024
FAC0042,35,5/17/2022,8/17/2024
FAC0042,39,8/19/2020,10/19/2021
FAC0042,87,9/29/2022,5/29/2025
FAC0042,115,12/9/2022,3/9/2025
FAC0042,119,3/25/2016,4/25/2017
FAC0042,11,7/3/2022,6/3/2025
FAC0042,26,3/10/2024,5/10/2026
FAC0042,38,10/2/2021,11/2/2022
FAC0042,60,12/19/2024,8/19/2027
FAC0042,77,3/31/2022,12/31/2024
FAC0043,7,8/19/2016,7/19/2019
FAC0043,75,10/11/2019,2/11/2021
FAC0043,101,2/9/2018,4/9/2019
FAC0043,36,8/24/2022,6/24/2025
FAC0043,80,7/10/2017,7/10/2019
FAC0043,84,12/11/2024,2/11/2027
FAC0043,98,1/9/2020,8/9/2022
FAC0043,118,4/14/2021,11/14/2022
FAC0043,3,6/18/2015,2/18/2018
FAC0043,35,10/2/2021,1/2/2023
FAC0043,39,4/14/2024,2/14/2027
FAC0043,87,4/30/2020,12/30/2021
FAC0043,115,10/31/2016,6/30/2018
FAC0043,119,5/3/2019,7/3/2021
FAC0044,5,12/27/2017,7/27/2020
FAC0044,70,10/3/2016,1/3/2018
FAC0044,93,8/2/2024,11/2/2026
FAC0044,108,9/4/2015,11/4/2017
FAC0044,41,10/2/2023,6/2/2025
FAC0044,49,6/5/2019,3/5/2021
FAC0044,53,11/18/2015,3/18/2018
FAC0044,63,3/18/2023,5/18/2025
FAC0044,72,7/12/2016,6/12/2018
FAC0044,83,4/6/2018,6/6/2019
FAC0044,88,10/18/2017,9/18/2020
FAC0044,11,9/8/2017,4/8/2019
FAC0044,26,8/16/2017,10/16/2018
FAC0044,38,5/29/2023,8/29/2024
FAC0044,60,8/22/2016,7/22/2019
FAC0044,77,9/8/2015,8/8/2017
FAC0047,36,9/10/2024,5/10/2026
FAC0047,80,10/3/2017,9/3/2020
FAC0047,84,4/8/2017,4/8/2020
FAC0047,98,10/11/2018,7/11/2020
FAC0047,118,6/20/2016,8/20/2018
FAC0047,2,9/24/2017,6/24/2019
FAC0047,43,4/22/2016,2/22/2019
FAC0047,69,7/29/2019,7/29/2021
FAC0047,100,5/29/2016,7/29/2018
FAC0047,28,9/3/2022,1/3/2024
FAC0047,31,5/9/2022,6/9/2024
FAC0047,68,3/12/2024,4/12/2026
FAC0047,111,5/12/2018,9/12/2020
FAC0047,112,8/5/2015,11/5/2016
FAC0047,117,7/18/2021,10/18/2022
FAC0048,27,8/10/2017,9/10/2019
FAC0048,29,1/3/2018,12/3/2019
FAC0048,45,1/23/2023,6/23/2024
FAC0048,82,3/26/2016,4/26/2018
FAC0048,107,5/8/2015,12/8/2016
FAC0048,,7/21/2022,12/21/2023
FAC0048,4,3/7/2021,7/7/2022
FAC0048,13,8/26/2021,7/26/2023
FAC0048,15,1/30/2023,5/30/2024
FAC0048,42,8/6/2023,7/6/2026
FAC0048,51,2/7/2016,7/7/2018
FAC0048,78,5/2/2024,9/2/2025
FAC0048,113,9/14/2024,11/14/2025
FAC0048,5,8/1/2018,6/1/2020
FAC0048,70,4/4/2016,11/4/2017
FAC0048,93,11/8/2019,8/8/2022
FAC0048,108,10/27/2021,7/27/2024
FAC0048,36,4/20/2016,11/20/2017
FAC0048,80,9/30/2018,12/30/2020
FAC0048,84,8/11/2019,8/11/2021
FAC0048,98,5/29/2016,12/29/2018
FAC0048,118,12/5/2018,2/5/2020
FAC0051,5,10/14/2024,4/14/2027
FAC0051,70,9/12/2023,5/12/2025
FAC0051,93,3/22/2024,9/22/2026
FAC0051,108,10/3/2017,2/3/2020
FAC0051,7,11/3/2021,4/3/2024
FAC0051,75,1/25/2018,2/25/2019
FAC0051,101,2/19/2016,7/19/2018
FAC0051,4,11/30/2020,3/30/2022
FAC0051,13,5/2/2017,4/2/2020
FAC0051,15,12/5/2024,5/5/2026
FAC0051,42,1/8/2020,1/8/2022
FAC0051,51,6/16/2023,3/16/2026
FAC0051,78,2/8/2023,9/8/2025
FAC0051,113,3/10/2016,3/10/2019
FAC0051,27,9/4/2022,1/4/2025
FAC0051,29,6/6/2015,3/6/2018
FAC0051,45,10/7/2020,8/7/2023
FAC0051,82,8/4/2019,7/4/2022
FAC0051,107,12/14/2021,12/14/2023
FAC0053,41,2/18/2022,1/18/2025
FAC0053,49,5/18/2020,6/18/2022
FAC0053,53,1/2/2015,2/2/2017
FAC0053,63,1/31/2019,8/31/2021
FAC0053,72,10/25/2017,1/25/2019
FAC0053,83,5/4/2016,4/4/2019
FAC0053,88,11/14/2024,9/14/2026
FAC0053,30,4/8/2024,5/8/2026
FAC0053,64,6/9/2016,9/9/2017
FAC0053,97,2/27/2020,2/27/2023
FAC0053,120,1/21/2023,1/21/2025
FAC0057,41,8/3/2020,1/3/2023
FAC0057,49,10/11/2024,10/11/2026
FAC0057,53,1/22/2019,2/22/2020
FAC0057,63,10/21/2020,9/21/2022
FAC0057,72,5/9/2017,3/9/2020
FAC0057,83,8/4/2024,3/4/2026
FAC0057,88,4/30/2018,4/30/2020
FAC0057,7,1/16/2017,10/16/2018
FAC0057,75,1/16/2016,4/16/2018
FAC0057,101,3/23/2018,6/23/2020
FAC0057,27,1/24/2022,3/24/2024
FAC0057,29,4/5/2015,5/5/2017
FAC0057,45,1/29/2017,2/28/2018
FAC0057,82,8/8/2022,7/8/2024
FAC0057,107,1/27/2023,1/27/2026
FAC0057,30,12/16/2023,6/16/2026
FAC0057,64,9/5/2016,2/5/2018
FAC0057,97,7/19/2017,3/19/2020
FAC0057,120,1/1/2022,2/1/2024
FAC0060,7,11/14/2016,10/14/2019
FAC0060,75,4/30/2017,10/30/2018
FAC0060,101,10/25/2015,4/25/2018
FAC0060,30,9/26/2019,3/26/2021
FAC0060,64,6/4/2016,11/4/2017
FAC0060,97,6/3/2022,8/3/2024
FAC0060,120,1/1/2018,1/1/2021
FAC0061,,10/6/2019,1/6/2022
FAC0061,41,7/15/2017,5/15/2019
FAC0061,49,1/20/2020,10/20/2022
FAC0061,53,4/13/2023,10/13/2024
FAC0061,63,11/7/2018,12/7/2019
FAC0061,72,11/21/2022,4/21/2024
FAC0061,83,11/17/2019,9/17/2022
FAC0061,88,8/21/2023,8/21/2026
FAC0061,30,11/11/2018,6/11/2021
FAC0061,64,8/9/2021,3/9/2023
FAC0061,97,10/8/2017,6/8/2019
FAC0061,120,12/22/2016,2/22/2019
FAC0062,,3/6/2017,4/6/2018
FAC0062,11,4/15/2020,1/15/2022
FAC0062,26,3/23/2020,8/23/2022
FAC0062,38,4/2/2024,1/2/2026
FAC0062,60,12/9/2015,8/9/2018
FAC0062,77,1/8/2016,9/8/2018
FAC0062,3,3/14/2020,3/14/2022
FAC0062,35,12/9/2019,2/9/2021
FAC0062,39,2/22/2023,8/22/2024
FAC0062,87,11/4/2019,4/4/2021
FAC0062,115,3/28/2018,2/28/2021
FAC0062,119,8/9/2022,7/9/2024
FAC0062,28,2/2/2024,2/2/2027
FAC0062,31,10/16/2015,8/16/2017
FAC0062,68,5/22/2022,12/22/2024
FAC0062,111,12/23/2021,8/23/2023
FAC0062,112,11/10/2022,12/10/2024
FAC0062,117,9/7/2023,5/7/2025
FAC0064,27,2/3/2022,12/3/2023
FAC0064,29,1/12/2016,1/12/2018
FAC0064,45,6/18/2021,4/18/2024
FAC0064,82,7/31/2017,6/30/2019
FAC0064,107,10/27/2024,10/27/2027
FAC0064,8,12/18/2021,5/18/2024
FAC0064,62,8/18/2023,10/18/2024
FAC0064,65,2/28/2023,9/28/2024
FAC0064,109,9/19/2016,7/19/2019
FAC0064,3,12/27/2023,11/27/2025
FAC0064,35,7/12/2020,7/12/2022
FAC0064,39,11/16/2015,5/16/2018
FAC0064,87,4/27/2016,12/27/2017
FAC0064,115,3/21/2021,9/21/2023
FAC0064,119,3/3/2018,10/3/2020
FAC0064,,12/20/2017,2/20/2019
FAC0064,4,5/19/2021,11/19/2023
FAC0064,13,3/2/2022,5/2/2024
FAC0064,15,2/4/2016,3/4/2018
FAC0064,42,3/28/2020,6/28/2021
FAC0064,51,7/23/2022,10/23/2023
FAC0064,78,9/25/2017,8/25/2020
FAC0064,113,9/26/2018,8/26/2021
FAC0066,2,12/25/2018,11/25/2020
FAC0066,43,12/14/2018,7/14/2021
FAC0066,69,2/27/2015,9/27/2017
FAC0066,100,12/24/2024,2/24/2027
FAC0066,30,4/20/2021,2/20/2023
FAC0066,64,9/21/2022,6/21/2024
FAC0066,97,11/20/2020,1/20/2023
FAC0066,120,1/24/2020,11/24/2022
FAC0066,3,7/9/2019,2/9/2022
FAC0066,35,7/14/2019,8/14/2021
FAC0066,39,7/28/2019,2/28/2021
FAC0066,87,5/11/2024,11/11/2025
FAC0066,115,1/24/2022,3/24/2023
FAC0066,119,10/3/2018,9/3/2021
FAC0066,4,7/19/2017,7/19/2019
FAC0066,13,4/13/2020,12/13/2021
FAC0066,15,1/5/2017,12/5/2019
FAC0066,42,3/14/2019,2/14/2021
FAC0066,51,5/16/2021,11/16/2023
FAC0066,78,11/16/2024,4/16/2027
FAC0066,113,2/24/2021,7/24/2023
FAC0066,11,5/14/2015,4/14/2018
FAC0066,26,9/18/2021,2/18/2024
FAC0066,38,11/11/2021,8/11/2023
FAC0066,60,9/14/2020,11/14/2021
FAC0066,77,3/22/2021,9/22/2022
FAC0077,27,6/12/2020,5/12/2022
FAC0077,29,9/13/2020,8/13/2022
FAC0077,45,2/12/2020,10/12/2021
FAC0077,82,4/16/2022,4/16/2024
FAC0077,107,10/21/2015,8/21/2017
FAC0077,28,1/30/2016,4/30/2017
FAC0077,31,2/13/2015,8/13/2017
FAC0077,68,11/13/2024,4/13/2027
FAC0077,111,10/3/2015,7/3/2018
FAC0077,112,7/25/2016,11/25/2018
FAC0077,117,7/17/2018,2/17/2021
FAC0077,3,11/29/2023,6/29/2025
FAC0077,35,12/12/2018,2/12/2020
FAC0077,39,11/11/2017,1/11/2019
FAC0077,87,4/14/2016,3/14/2018
FAC0077,115,4/10/2018,3/10/2021
FAC0077,119,8/4/2019,11/4/2021
FAC0080,28,7/29/2015,12/29/2017
FAC0080,31,6/24/2021,11/24/2023
FAC0080,68,9/13/2017,5/13/2020
FAC0080,111,11/29/2021,3/29/2024
FAC0080,112,8/17/2023,4/17/2025
FAC0080,117,5/8/2018,9/8/2019
FAC0080,8,12/18/2021,10/18/2023
FAC0080,62,7/20/2016,6/20/2018
FAC0080,65,9/16/2021,8/16/2023
FAC0080,109,11/10/2020,7/10/2023
FAC0080,7,2/6/2015,9/6/2016
FAC0080,75,6/4/2022,5/4/2025
FAC0080,101,3/10/2016,10/10/2018
FAC0080,,4/9/2019,11/9/2021
FAC0082,,8/20/2021,12/20/2023
FAC0082,7,9/1/2018,3/1/2020
FAC0082,75,7/22/2015,6/22/2017
FAC0082,101,12/28/2023,8/28/2025
FAC0082,4,11/21/2021,8/21/2024
FAC0082,13,9/15/2016,11/15/2017
FAC0082,15,11/3/2019,8/3/2021
FAC0082,42,12/30/2020,8/30/2022
FAC0082,51,7/15/2021,5/15/2024
FAC0082,78,1/15/2023,8/15/2025
FAC0082,113,9/1/2018,1/1/2020
FAC0082,5,3/29/2020,2/28/2023
FAC0082,70,1/8/2024,8/8/2025
FAC0082,93,6/12/2022,5/12/2025
FAC0082,108,12/1/2019,1/1/2022
FAC0088,30,2/20/2019,12/20/2020
FAC0088,64,5/17/2015,1/17/2018
FAC0088,97,6/19/2016,12/19/2017
FAC0088,120,12/24/2018,8/24/2021
FAC0088,28,6/3/2018,5/3/2021
FAC0088,31,9/15/2024,8/15/2026
FAC0088,68,12/25/2020,9/25/2022
FAC0088,111,2/28/2020,11/28/2021
FAC0088,112,6/18/2020,11/18/2022
FAC0088,117,2/28/2020,12/28/2022
FAC0088,5,9/15/2016,2/15/2019
FAC0088,70,12/11/2017,7/11/2020
FAC0088,93,6/20/2021,6/20/2023
FAC0088,108,3/15/2024,5/15/2026
FAC0088,4,2/20/2020,5/20/2021
FAC0088,13,10/14/2016,1/14/2018
FAC0088,15,6/15/2021,9/15/2022
FAC0088,42,4/2/2017,7/2/2018
FAC0088,51,11/26/2016,12/26/2017
FAC0088,78,6/30/2021,1/30/2023
FAC0088,113,11/11/2015,8/11/2018
FAC0089,3,2/16/2016,8/16/2018
FAC0089,35,6/10/2019,5/10/2022
FAC0089,39,6/22/2019,8/22/2020
FAC0089,87,5/10/2024,2/10/2027
FAC0089,115,3/18/2022,12/18/2024
FAC0089,119,8/11/2017,6/11/2019
FAC0089,28,9/6/2019,6/6/2022
FAC0089,31,6/1/2020,7/1/2021
FAC0089,68,9/15/2022,1/15/2025
FAC0089,111,9/17/2020,4/17/2022
FAC0089,112,1/28/2021,11/28/2023
FAC0089,117,2/2/2024,7/2/2025
FAC0092,2,7/16/2020,9/16/2022
FAC0092,43,7/10/2024,10/10/2025
FAC0092,69,7/4/2015,5/4/2018
FAC0092,100,8/27/2020,1/27/2022
FAC0092,5,9/12/2017,2/12/2019
FAC0092,70,8/11/2017,8/11/2020
FAC0092,93,10/31/2024,11/30/2026
FAC0092,108,3/9/2019,12/9/2021
FAC0092,7,4/23/2021,8/23/2023
FAC0092,75,5/11/2021,3/11/2023
FAC0092,101,5/20/2022,5/20/2024
FAC0093,36,3/15/2023,12/15/2025
FAC0093,80,9/8/2020,5/8/2023
FAC0093,84,7/12/2017,1/12/2020
FAC0093,98,6/26/2022,8/26/2023
FAC0093,118,12/1/2023,2/1/2026
FAC0093,28,1/16/2022,3/16/2023
FAC0093,31,10/27/2024,12/27/2025
FAC0093,68,3/3/2020,9/3/2021
FAC0093,111,11/12/2019,12/12/2020
FAC0093,112,6/12/2020,6/12/2023
FAC0093,117,12/20/2020,10/20/2022
FAC0093,7,10/9/2021,2/9/2024
FAC0093,75,3/5/2024,8/5/2025
FAC0093,101,9/9/2019,11/9/2021
FAC0093,2,4/18/2022,4/18/2024
FAC0093,43,3/31/2020,11/30/2021
FAC0093,69,1/9/2017,1/9/2020
FAC0093,100,7/12/2015,10/12/2016
FAC0096,30,1/16/2015,10/16/2016
FAC0096,64,3/3/2020,11/3/2021
FAC0096,97,5/16/2019,7/16/2020
FAC0096,120,12/26/2015,12/26/2017
FAC0096,11,3/14/2022,9/14/2024
FAC0096,26,1/22/2016,5/22/2018
FAC0096,38,10/13/2024,3/13/2027
FAC0096,60,9/10/2018,5/10/2021
FAC0096,77,4/28/2018,12/28/2019
FAC0103,5,7/15/2021,11/15/2022
FAC0103,70,2/3/2017,10/3/2018
FAC0103,93,6/26/2022,1/26/2024
FAC0103,108,3/12/2018,1/12/2020
FAC0103,27,6/29/2024,9/29/2025
FAC0103,29,8/25/2018,11/25/2019
FAC0103,45,9/28/2021,9/28/2023
FAC0103,82,10/17/2024,8/17/2026
FAC0103,107,10/9/2017,11/9/2018
FAC0103,41,1/7/2021,8/7/2023
FAC0103,49,2/10/2024,3/10/2025
FAC0103,53,10/19/2017,1/19/2020
FAC0103,63,1/22/2017,3/22/2018
FAC0103,72,10/5/2022,3/5/2025
FAC0103,83,5/9/2017,5/9/2019
FAC0103,88,5/9/2023,6/9/2024
FAC0103,28,1/1/2022,11/1/2023
FAC0103,31,2/24/2022,2/24/2024
FAC0103,68,10/12/2018,10/12/2021
FAC0103,111,12/12/2024,10/12/2026
FAC0103,112,10/12/2024,2/12/2026
FAC0103,117,5/24/2018,3/24/2021
FAC0103,36,9/13/2020,8/13/2022
FAC0103,80,7/14/2024,8/14/2025
FAC0103,84,6/14/2017,5/14/2019
FAC0103,98,1/16/2024,11/16/2025
FAC0103,118,5/18/2023,4/18/2026
FAC0108,2,1/20/2016,7/20/2017
FAC0108,43,3/20/2022,8/20/2023
FAC0108,69,12/8/2016,3/8/2018
FAC0108,100,7/17/2016,2/17/2018
FAC0108,11,8/4/2024,3/4/2027
FAC0108,26,8/31/2017,1/31/2019
FAC0108,38,9/21/2016,11/21/2018
FAC0108,60,2/28/2016,12/28/2017
FAC0108,77,9/21/2018,1/21/2020
FAC0108,4,4/23/2017,11/23/2018
FAC0108,13,7/5/2016,1/5/2018
FAC0108,15,3/22/2020,10/22/2021
FAC0108,42,12/25/2017,11/25/2020
FAC0108,51,11/2/2017,11/2/2020
FAC0108,78,1/12/2024,9/12/2026
FAC0108,113,3/26/2015,6/26/2016
FAC0108,28,6/4/2018,12/4/2020
FAC0108,31,10/26/2016,3/26/2018
FAC0108,68,11/29/2022,6/29/2025
FAC0108,111,4/14/2023,10/14/2025
FAC0108,112,10/22/2017,5/22/2020
FAC0108,117,7/19/2021,7/19/2023
FAC0109,5,6/24/2019,1/24/2021
FAC0109,70,10/19/2015,9/19/2017
FAC0109,93,5/18/2022,11/18/2023
FAC0109,108,5/29/2024,12/29/2025
FAC0109,3,11/8/2016,5/8/2019
FAC0109,35,5/20/2019,5/20/2021
FAC0109,39,9/25/2015,11/25/2016
FAC0109,87,7/12/2024,8/12/2025
FAC0109,115,7/12/2015,12/12/2017
FAC0109,119,3/28/2024,2/28/2027
FAC0109,30,7/21/2023,11/21/2025
FAC0109,64,5/14/2015,1/14/2017
FAC0109,97,10/12/2020,11/12/2021
FAC0109,120,7/15/2021,6/15/2024
FAC0110,30,6/29/2017,2/29/2020
FAC0110,64,5/15/2019,4/15/2021
FAC0110,97,9/10/2016,6/10/2019
FAC0110,120,6/29/2023,7/29/2024
FAC0110,3,9/19/2022,8/19/2024
FAC0110,35,3/10/2018,3/10/2020
FAC0110,39,5/21/2020,5/21/2023
FAC0110,87,1/1/2020,9/1/2022
FAC0110,115,11/17/2021,6/17/2023
FAC0110,119,1/27/2016,6/27/2018
FAC0110,41,3/17/2016,2/17/2018
FAC0110,49,9/17/2024,9/17/2026
FAC0110,53,10/15/2022,2/15/2025
FAC0110,63,10/5/2022,2/5/2024
FAC0110,72,5/29/2017,6/29/2019
FAC0110,83,2/11/2020,12/11/2022
FAC0110,88,9/13/2017,2/13/2020
FAC0111,36,9/8/2020,1/8/2023
FAC0111,80,1/14/2016,9/14/2017
FAC0111,84,9/29/2022,10/29/2024
FAC0111,98,2/18/2015,8/18/2017
FAC0111,118,7/31/2024,4/30/2026
FAC0111,3,6/27/2023,12/27/2025
FAC0111,35,11/14/2015,2/14/2017
FAC0111,39,9/3/2017,8/3/2020
FAC0111,87,8/27/2020,10/27/2021
FAC0111,115,8/11/2018,3/11/2020
FAC0111,119,12/14/2019,12/14/2022
FAC0111,7,5/25/2017,3/25/2020
FAC0111,75,4/6/2016,2/6/2019
FAC0111,101,7/18/2023,1/18/2025
FAC0111,8,5/1/2015,5/1/2018
FAC0111,62,4/21/2022,9/21/2024
FAC0111,65,7/24/2024,7/24/2027
FAC0111,109,7/8/2017,4/8/2020
FAC0112,8,5/10/2020,2/10/2022
FAC0112,62,12/5/2015,10/5/2018
FAC0112,65,5/25/2024,2/25/2027
FAC0112,109,11/26/2021,5/26/2024
FAC0112,27,7/18/2019,4/18/2022
FAC0112,29,11/14/2021,6/14/2024
FAC0112,45,3/17/2022,10/17/2023
FAC0112,82,3/30/2024,2/28/2026
FAC0112,107,12/8/2024,9/8/2027
FAC0112,3,2/16/2018,2/16/2021
FAC0112,35,3/1/2019,9/1/2020
FAC0112,39,6/30/2017,12/30/2019
FAC0112,87,11/8/2022,10/8/2025
FAC0112,115,5/17/2023,7/17/2025
FAC0112,119,12/23/2022,12/23/2024
FAC0112,28,7/3/2019,11/3/2020
FAC0112,31,9/23/2015,5/23/2018
FAC0112,68,7/24/2015,6/24/2017
FAC0112,111,2/3/2016,7/3/2018
FAC0112,112,5/24/2022,6/24/2024
FAC0112,117,12/21/2022,12/21/2025
FAC0112,30,7/16/2016,4/16/2018
FAC0112,64,5/19/2023,6/19/2025
FAC0112,97,7/12/2016,1/12/2019
FAC0112,120,12/5/2022,12/5/2024
FAC0116,5,12/11/2017,1/11/2020
FAC0116,70,4/12/2021,1/12/2024
FAC0116,93,3/10/2020,1/10/2023
FAC0116,108,9/30/2024,2/28/2026
FAC0116,,8/21/2015,9/21/2017
FAC0116,27,5/8/2017,11/8/2018
FAC0116,29,2/4/2021,4/4/2022
FAC0116,45,12/23/2024,5/23/2026
FAC0116,82,1/23/2016,6/23/2017
FAC0116,107,12/18/2020,2/18/2022
FAC0116,41,5/31/2015,5/31/2018
FAC0116,49,6/30/2021,1/30/2024
FAC0116,53,1/27/2017,12/27/2018
FAC0116,63,9/15/2016,4/15/2019
FAC0116,72,10/4/2024,2/4/2026
FAC0116,83,3/28/2017,10/28/2018
FAC0116,88,3/15/2021,11/15/2023
FAC0116,36,4/18/2017,5/18/2019
FAC0116,80,5/16/2019,5/16/2021
FAC0116,84,5/25/2021,4/25/2023
FAC0116,98,8/5/2018,11/5/2020
FAC0116,118,4/28/2020,10/28/2021
FAC0117,30,8/8/2024,8/8/2026
FAC0117,64,12/15/2019,11/15/2021
FAC0117,97,8/3/2020,6/3/2022
FAC0117,120,4/2/2016,7/2/2018
FAC0117,,4/26/2016,6/26/2017
FAC0119,30,4/8/2023,1/8/2026
FAC0119,64,7/6/2023,6/6/2026
FAC0119,97,5/29/2020,8/29/2021
FAC0119,120,9/17/2018,11/17/2019
FAC0119,2,4/24/2017,6/24/2018
FAC0119,43,12/29/2020,11/29/2023
FAC0119,69,11/11/2021,1/11/2024
FAC0119,100,5/28/2017,4/28/2019
FAC0119,41,12/19/2021,2/19/2024
FAC0119,49,4/26/2022,5/26/2023
FAC0119,53,1/16/2018,11/16/2020
FAC0119,63,10/20/2024,5/20/2026
FAC0119,72,3/20/2016,9/20/2018
FAC0119,83,6/6/2018,7/6/2020
FAC0119,88,11/26/2022,4/26/2024
FAC0119,11,7/13/2016,4/13/2018
FAC0119,26,2/2/2019,9/2/2021
FAC0119,38,9/30/2024,8/30/2027
FAC0119,60,5/27/2018,11/27/2020
FAC0119,77,1/2/2023,7/2/2025
FAC0119,5,1/20/2024,7/20/2026
FAC0119,70,7/24/2019,12/24/2021
FAC0119,93,12/8/2024,3/8/2027
FAC0119,108,11/29/2019,4/29/2022
FAC0122,36,6/12/2021,7/12/2022
FAC0122,80,2/22/2024,6/22/2025
FAC0122,84,1/4/2019,9/4/2020
FAC0122,98,4/16/2024,4/16/2027
FAC0122,118,12/12/2020,4/12/2023
FAC0122,7,3/9/2019,7/9/2020
FAC0122,75,11/10/2023,8/10/2025
FAC0122,101,8/1/2020,9/1/2021
FAC0122,2,9/13/2019,4/13/2022
FAC0122,43,2/25/2022,10/25/2023
FAC0122,69,1/17/2015,1/17/2017
FAC0122,100,12/16/2019,11/16/2022
FAC0124,,1/6/2018,12/6/2020
FAC0124,27,9/30/2015,10/30/2016
FAC0124,29,2/5/2019,10/5/2020
FAC0124,45,7/12/2015,6/12/2018
FAC0124,82,1/3/2016,3/3/2017
FAC0124,107,6/8/2023,12/8/2024
FAC0125,8,8/1/2020,10/1/2022
FAC0125,62,3/20/2018,7/20/2020
FAC0125,65,7/5/2024,2/5/2027
FAC0125,109,4/16/2019,8/16/2021
FAC0125,4,10/23/2024,2/23/2027
FAC0125,13,12/5/2024,3/5/2026
FAC0125,15,2/7/2018,9/7/2020
FAC0125,42,3/27/2018,11/27/2019
FAC0125,51,2/14/2023,5/14/2024
FAC0125,78,5/5/2019,2/5/2021
FAC0125,113,11/15/2022,6/15/2025
FAC0125,,1/9/2017,8/9/2019
FAC0125,27,8/9/2023,3/9/2026
FAC0125,29,4/8/2024,9/8/2025
FAC0125,45,3/28/2024,6/28/2025
FAC0125,82,4/12/2016,5/12/2017
FAC0125,107,9/25/2024,12/25/2025
FAC0128,4,10/28/2019,4/28/2021
FAC0128,13,2/23/2020,11/23/2022
FAC0128,15,8/18/2022,7/18/2024
FAC0128,42,11/30/2018,4/30/2021
FAC0128,51,7/1/2021,2/1/2023
FAC0128,78,8/28/2024,3/28/2027
FAC0128,113,4/21/2022,8/21/2023
FAC0128,8,5/23/2015,3/23/2018
FAC0128,62,12/3/2019,9/3/2021
FAC0128,65,2/26/2017,11/26/2018
FAC0128,109,12/1/2021,3/1/2024
FAC0128,3,2/16/2018,9/16/2020
FAC0128,35,1/13/2019,10/13/2020
FAC0128,39,4/3/2017,2/3/2020
FAC0128,87,1/4/2015,3/4/2016
FAC0128,115,9/2/2017,10/2/2019
FAC0128,119,11/3/2017,5/3/2019
FAC0129,7,10/9/2016,7/9/2019
FAC0129,75,9/1/2016,4/1/2019
FAC0129,101,10/1/2016,3/1/2018
FAC0129,36,3/22/2019,5/22/2021
FAC0129,80,8/18/2017,7/18/2020
FAC0129,84,6/1/2018,2/1/2021
FAC0129,98,1/4/2019,9/4/2020
FAC0129,118,5/29/2020,12/29/2021
FAC0131,30,11/2/2023,8/2/2026
FAC0131,64,2/4/2018,8/4/2020
FAC0131,97,4/5/2017,3/5/2019
FAC0131,120,12/28/2016,2/28/2018
FAC0131,5,1/19/2015,4/19/2016
FAC0131,70,8/10/2015,2/10/2017
FAC0131,93,6/1/2021,11/1/2023
FAC0131,108,5/17/2017,3/17/2020
FAC0131,7,10/30/2024,1/30/2027
FAC0131,75,3/21/2017,10/21/2019
FAC0131,101,10/24/2018,10/24/2021
FAC0133,27,1/12/2024,10/12/2026
FAC0133,29,5/1/2022,4/1/2024
FAC0133,45,2/15/2017,7/15/2018
FAC0133,82,7/24/2022,12/24/2023
FAC0133,107,10/1/2022,7/1/2025
FAC0133,5,4/10/2018,1/10/2020
FAC0133,70,4/25/2017,11/25/2019
FAC0133,93,5/6/2024,1/6/2027
FAC0133,108,5/11/2017,11/11/2019
FAC0133,30,1/28/2018,7/28/2019
FAC0133,64,5/25/2015,4/25/2018
FAC0133,97,1/4/2020,11/4/2021
FAC0133,120,10/4/2023,6/4/2025
FAC0003,18,5/19/2018,11/19/2020
FAC0003,32,3/17/2024,3/17/2027
FAC0003,33,4/26/2016,6/26/2017
FAC0003,48,2/1/2021,6/1/2022
FAC0003,81,9/23/2020,1/23/2022
FAC0003,104,2/29/2020,4/29/2022
FAC0003,34,2/14/2020,8/14/2021
FAC0003,54,9/19/2016,6/19/2018
FAC0003,58,7/25/2020,7/25/2023
FAC0003,66,6/24/2015,9/24/2016
FAC0003,103,8/9/2023,1/9/2026
FAC0003,1,2/19/2018,2/19/2021
FAC0003,20,9/18/2018,5/18/2021
FAC0003,21,4/2/2015,7/2/2016
FAC0003,102,10/5/2017,3/5/2020
FAC0003,9,1/31/2019,12/31/2020
FAC0003,57,5/23/2019,6/23/2020
FAC0003,61,3/20/2022,11/20/2024
FAC0003,67,12/24/2022,6/24/2024
FAC0003,14,5/20/2024,12/20/2025
FAC0003,19,8/26/2018,2/26/2020
FAC0003,47,1/20/2022,10/20/2024
FAC0003,55,11/14/2019,12/14/2021
FAC0003,73,5/18/2017,10/18/2019
FAC0003,95,3/18/2020,5/18/2022
FAC0005,34,3/7/2018,5/7/2019
FAC0005,54,1/8/2017,4/8/2018
FAC0005,58,3/7/2021,4/7/2023
FAC0005,66,8/30/2020,4/30/2022
FAC0005,103,7/10/2024,12/10/2026
FAC0005,6,7/19/2020,1/19/2022
FAC0005,79,7/11/2022,10/11/2024
FAC0005,86,10/28/2023,3/28/2025
FAC0005,105,10/13/2023,1/13/2026
FAC0005,110,9/21/2021,3/21/2023
FAC0005,,1/26/2019,2/26/2021
FAC0005,18,2/3/2019,9/3/2020
FAC0005,32,5/26/2015,10/26/2016
FAC0005,33,1/19/2019,8/19/2021
FAC0005,48,3/5/2018,6/5/2019
FAC0005,81,7/23/2023,8/23/2024
FAC0005,104,2/11/2015,6/11/2016
FAC0005,14,9/8/2017,7/8/2020
FAC0005,19,1/29/2024,3/29/2025
FAC0005,47,6/28/2019,4/28/2021
FAC0005,55,2/2/2018,4/2/2019
FAC0005,73,7/7/2023,2/7/2026
FAC0005,95,8/11/2023,3/11/2026
FAC0006,1,12/27/2015,11/27/2017
FAC0006,20,10/25/2015,12/25/2017
FAC0006,21,7/5/2024,9/5/2026
FAC0006,102,9/14/2020,2/14/2022
FAC0006,6,4/12/2016,9/12/2017
FAC0006,79,8/26/2019,5/26/2022
FAC0006,86,8/12/2017,2/12/2019
FAC0006,105,5/21/2024,5/21/2027
FAC0006,110,9/13/2017,7/13/2020
FAC0006,,8/20/2022,12/20/2024
FAC0006,37,11/13/2022,9/13/2025
FAC0006,52,12/11/2017,5/11/2020
FAC0007,14,12/4/2020,10/4/2023
FAC0007,19,5/26/2016,10/26/2017
FAC0007,47,9/17/2016,5/17/2018
FAC0007,55,4/28/2019,2/28/2021
FAC0007,73,4/27/2019,10/27/2020
FAC0007,95,10/23/2022,7/23/2024
FAC0007,,8/6/2024,9/6/2025
FAC0007,17,3/15/2018,1/15/2020
FAC0007,46,11/25/2019,9/25/2022
FAC0007,76,8/16/2020,6/16/2022
FAC0007,85,12/17/2020,12/17/2023
FAC0007,91,2/5/2024,5/5/2025
FAC0007,99,4/11/2020,7/11/2021
FAC0007,106,8/12/2017,9/12/2018
FAC0008,14,7/3/2018,9/3/2020
FAC0008,19,8/19/2023,2/19/2025
FAC0008,47,4/20/2019,4/20/2021
FAC0008,55,5/10/2015,6/10/2017
FAC0008,73,4/27/2016,8/27/2017
FAC0008,95,8/27/2023,6/27/2026
FAC0008,,10/23/2015,5/23/2017
FAC0008,18,2/10/2018,3/10/2019
FAC0008,32,12/13/2022,4/13/2024
FAC0008,33,6/7/2017,2/7/2019
FAC0008,48,11/17/2024,4/17/2026
FAC0008,81,10/17/2021,4/17/2024
FAC0008,104,11/18/2016,11/18/2019
FAC0013,9,9/17/2017,7/17/2019
FAC0013,57,8/5/2016,10/5/2017
FAC0013,61,1/17/2024,1/17/2027
FAC0013,67,8/15/2022,1/15/2025
FAC0013,17,11/9/2017,9/9/2020
FAC0013,46,10/13/2023,10/13/2025
FAC0013,76,1/21/2017,7/21/2018
FAC0013,85,6/28/2019,6/28/2021
FAC0013,91,6/30/2016,7/30/2017
FAC0013,99,1/25/2019,1/25/2022
FAC0013,106,10/22/2018,8/22/2020
FAC0013,1,5/1/2021,12/1/2022
FAC0013,20,5/15/2024,2/15/2026
FAC0013,21,4/14/2021,12/14/2023
FAC0013,102,7/2/2022,5/2/2025
FAC0014,14,12/13/2020,12/13/2022
FAC0014,19,4/10/2016,8/10/2017
FAC0014,47,4/10/2015,3/10/2018
FAC0014,55,4/9/2021,2/9/2024
FAC0014,73,5/3/2024,8/3/2025
FAC0014,95,6/18/2022,11/18/2024
FAC0014,37,10/11/2019,1/11/2022
FAC0014,52,8/17/2016,8/17/2018
FAC0014,,3/4/2019,11/4/2020
FAC0014,,10/11/2021,7/11/2024
FAC0015,,2/23/2016,1/23/2018
FAC0015,,11/24/2019,3/24/2021
FAC0015,6,5/16/2024,6/16/2025
FAC0015,79,9/22/2015,10/22/2016
FAC0015,86,8/6/2020,9/6/2021
FAC0015,105,3/22/2021,9/22/2023
FAC0015,110,10/31/2019,12/31/2021
FAC0015,1,4/26/2019,1/26/2021
FAC0015,20,10/9/2023,1/9/2025
FAC0015,21,5/28/2017,9/28/2019
FAC0015,102,12/16/2022,1/16/2024
FAC0016,34,8/1/2021,1/1/2024
FAC0016,54,9/30/2015,11/30/2016
FAC0016,58,1/16/2015,4/16/2017
FAC0016,66,4/11/2021,3/11/2023
FAC0016,103,2/26/2019,1/26/2022
FAC0016,9,10/22/2016,8/22/2018
FAC0016,57,5/10/2022,8/10/2024
FAC0016,61,5/29/2022,8/29/2024
FAC0016,67,7/29/2015,12/29/2016
FAC0017,18,11/13/2017,3/13/2020
FAC0017,32,10/28/2015,4/28/2018
FAC0017,33,2/5/2019,6/5/2020
FAC0017,48,6/10/2021,6/10/2023
FAC0017,81,5/16/2016,5/16/2018
FAC0017,104,2/9/2021,5/9/2023
FAC0017,,9/10/2024,12/10/2025
FAC0017,6,5/19/2019,5/19/2021
FAC0017,79,5/6/2019,6/6/2021
FAC0017,86,4/9/2023,1/9/2026
FAC0017,105,4/1/2021,3/1/2024
FAC0017,110,10/28/2017,5/28/2020
FAC0018,34,1/8/2022,5/8/2023
FAC0018,54,7/18/2019,2/18/2022
FAC0018,58,5/27/2020,1/27/2022
FAC0018,66,11/2/2017,6/2/2019
FAC0018,103,7/31/2022,11/30/2023
FAC0018,17,9/23/2022,4/23/2024
FAC0018,46,6/7/2017,10/7/2019
FAC0018,76,3/17/2022,10/17/2023
FAC0018,85,4/7/2018,9/7/2019
FAC0018,91,9/26/2022,12/26/2023
FAC0018,99,9/11/2015,7/11/2018
FAC0018,106,7/20/2020,6/20/2023
FAC0020,18,7/18/2017,11/18/2018
FAC0020,32,8/18/2016,5/18/2019
FAC0020,33,2/13/2018,4/13/2019
FAC0020,48,8/16/2018,8/16/2021
FAC0020,81,5/3/2020,4/3/2023
FAC0020,104,6/14/2015,3/14/2018
FAC0020,14,8/1/2016,12/1/2017
FAC0020,19,1/19/2020,12/19/2022
FAC0020,47,1/31/2020,12/31/2022
FAC0020,55,1/17/2017,10/17/2018
FAC0020,73,4/25/2022,3/25/2024
FAC0020,95,11/9/2019,11/9/2022
FAC0020,1,10/19/2015,12/19/2017
FAC0020,20,3/2/2018,6/2/2019
FAC0020,21,4/10/2017,3/10/2019
FAC0020,102,12/2/2018,1/2/2021
FAC0022,37,8/17/2021,6/17/2024
FAC0022,52,1/5/2023,5/5/2025
FAC0022,9,9/15/2024,9/15/2027
FAC0022,57,6/25/2023,4/25/2026
FAC0022,61,9/24/2020,2/24/2022
FAC0022,67,4/4/2015,3/4/2018
FAC0022,17,11/13/2016,12/13/2018
FAC0022,46,4/20/2020,12/20/2021
FAC0022,76,11/19/2023,7/19/2025
FAC0022,85,7/16/2023,9/16/2024
FAC0022,91,1/16/2016,12/16/2017
FAC0022,99,3/16/2016,6/16/2018
FAC0022,106,1/13/2023,6/13/2025
FAC0022,6,6/4/2016,4/4/2018
FAC0022,79,6/25/2022,12/25/2023
FAC0022,86,8/20/2023,8/20/2025
FAC0022,105,3/16/2018,4/16/2019
FAC0022,110,4/15/2021,3/15/2023
FAC0023,1,1/15/2020,10/15/2021
FAC0023,20,10/22/2021,4/22/2023
FAC0023,21,10/9/2019,7/9/2021
FAC0023,102,11/18/2017,8/18/2019
FAC0023,,11/26/2020,3/26/2023
FAC0023,,11/29/2021,1/29/2023
FAC0023,34,2/11/2016,10/11/2017
FAC0023,54,12/8/2020,2/8/2022
FAC0023,58,4/17/2017,8/17/2019
FAC0023,66,1/16/2023,10/16/2025
FAC0023,103,8/28/2023,2/28/2025
FAC0024,14,3/15/2021,8/15/2022
FAC0024,19,10/8/2015,3/8/2018
FAC0024,47,12/3/2017,12/3/2019
FAC0024,55,10/31/2018,10/31/2020
FAC0024,73,8/9/2020,9/9/2021
FAC0024,95,6/22/2021,5/22/2024
FAC0024,34,7/8/2021,10/8/2022
FAC0024,54,6/18/2023,3/18/2025
FAC0024,58,5/7/2018,1/7/2021
FAC0024,66,8/14/2015,4/14/2017
FAC0024,103,4/13/2022,5/13/2023
FAC0024,6,12/20/2022,2/20/2025
FAC0024,79,6/10/2016,7/10/2018
FAC0024,86,5/12/2022,3/12/2024
FAC0024,105,4/16/2015,3/16/2017
FAC0024,110,1/21/2018,8/21/2019
FAC0024,9,5/5/2017,6/5/2018
FAC0024,57,9/3/2020,3/3/2023
FAC0024,61,5/6/2019,3/6/2022
FAC0024,67,10/16/2019,3/16/2022
FAC0028,,9/12/2018,8/12/2020
FAC0028,37,9/27/2023,7/27/2026
FAC0028,52,11/13/2018,5/13/2021
FAC0028,1,2/16/2015,6/16/2016
FAC0028,20,12/16/2018,12/16/2021
FAC0028,21,11/29/2022,5/29/2025
FAC0028,102,6/13/2017,12/13/2018
FAC0028,14,3/10/2022,1/10/2025
FAC0028,19,5/9/2015,4/9/2018
FAC0028,47,4/23/2024,4/23/2027
FAC0028,55,6/15/2015,10/15/2017
FAC0028,73,11/9/2017,4/9/2020
FAC0028,95,2/26/2022,1/26/2025
FAC0030,6,6/5/2022,1/5/2024
FAC0030,79,6/27/2022,1/27/2024
FAC0030,86,1/2/2022,2/2/2023
FAC0030,105,6/17/2017,10/17/2019
FAC0030,110,12/27/2024,2/27/2027
FAC0030,14,10/26/2019,7/26/2021
FAC0030,19,11/25/2016,1/25/2019
FAC0030,47,1/7/2016,12/7/2018
FAC0030,55,4/22/2016,11/22/2017
FAC0030,73,11/9/2024,9/9/2026
FAC0030,95,5/9/2023,11/9/2025
FAC0030,,9/22/2016,10/22/2018
FAC0032,6,6/9/2023,9/9/2025
FAC0032,79,4/6/2015,11/6/2016
FAC0032,86,8/13/2020,6/13/2023
FAC0032,105,8/19/2018,6/19/2020
FAC0032,110,2/22/2019,12/22/2020
FAC0032,18,3/5/2024,1/5/2026
FAC0032,32,5/30/2021,1/30/2023
FAC0032,33,4/8/2017,4/8/2020
FAC0032,48,3/4/2020,3/4/2022
FAC0032,81,12/31/2020,1/31/2023
FAC0032,104,1/7/2019,6/7/2020
FAC0032,,9/8/2017,4/8/2019
FAC0032,,3/16/2020,10/16/2022
FAC0033,14,8/3/2018,8/3/2020
FAC0033,19,10/6/2018,8/6/2020
FAC0033,47,10/10/2016,1/10/2018
FAC0033,55,8/1/2019,9/1/2021
FAC0033,73,11/15/2023,7/15/2025
FAC0033,95,9/1/2022,5/1/2025
FAC0033,17,9/5/2021,11/5/2022
FAC0033,46,1/1/2017,5/1/2018
FAC0033,76,12/5/2021,8/5/2023
FAC0033,85,1/12/2017,10/12/2018
FAC0033,91,2/11/2018,1/11/2020
FAC0033,99,2/7/2019,5/7/2020
FAC0033,106,5/14/2024,7/14/2026
FAC0033,34,5/3/2021,2/3/2024
FAC0033,54,7/26/2020,3/26/2022
FAC0033,58,3/5/2022,10/5/2024
FAC0033,66,9/19/2015,6/19/2017
FAC0033,103,9/26/2023,9/26/2025
FAC0034,37,9/26/2020,10/26/2021
FAC0034,52,5/29/2021,6/29/2022
FAC0034,6,12/20/2022,12/20/2024
FAC0034,79,7/25/2018,7/25/2021
FAC0034,86,11/16/2015,12/16/2016
FAC0034,105,4/1/2016,10/1/2018
FAC0034,110,7/31/2019,9/30/2021
FAC0034,1,4/9/2016,1/9/2019
FAC0034,20,4/19/2023,5/19/2024
FAC0034,21,2/1/2020,9/1/2022
FAC0034,102,9/5/2020,12/5/2021
FAC0034,14,12/11/2022,5/11/2024
FAC0034,19,6/5/2015,5/5/2017
FAC0034,47,6/9/2021,7/9/2023
FAC0034,55,10/16/2021,11/16/2022
FAC0034,73,12/10/2017,12/10/2020
FAC0034,95,10/24/2021,10/24/2024
FAC0035,9,6/19/2017,8/19/2019
FAC0035,57,3/9/2016,7/9/2018
FAC0035,61,7/31/2016,2/28/2019
FAC0035,67,4/11/2023,3/11/2025
FAC0035,,8/27/2016,3/27/2018
FAC0036,,1/31/2024,5/31/2025
FAC0036,17,11/17/2020,12/17/2021
FAC0036,46,4/25/2015,10/25/2016
FAC0036,76,9/7/2015,1/7/2017
FAC0036,85,2/3/2015,10/3/2016
FAC0036,91,4/15/2023,4/15/2025
FAC0036,99,8/14/2023,4/14/2025
FAC0036,106,10/20/2022,5/20/2025
FAC0036,18,4/19/2015,9/19/2017
FAC0036,32,6/1/2019,1/1/2022
FAC0036,33,8/29/2024,6/29/2027
FAC0036,48,7/6/2016,8/6/2017
FAC0036,81,10/14/2016,3/14/2018
FAC0036,104,6/16/2021,7/16/2022
FAC0037,14,11/18/2023,5/18/2026
FAC0037,19,10/23/2021,12/23/2023
FAC0037,47,3/1/2024,3/1/2026
FAC0037,55,4/14/2020,12/14/2021
FAC0037,73,9/15/2021,9/15/2023
FAC0037,95,12/9/2022,7/9/2024
FAC0037,,7/13/2015,1/13/2018
FAC0037,18,2/26/2018,9/26/2019
FAC0037,32,9/29/2024,6/29/2026
FAC0037,33,5/17/2024,5/17/2027
FAC0037,48,11/5/2022,3/5/2025
FAC0037,81,10/28/2024,6/28/2027
FAC0037,104,6/25/2017,10/25/2018
FAC0040,14,9/21/2015,9/21/2017
FAC0040,19,9/10/2019,5/10/2022
FAC0040,47,3/31/2015,7/31/2017
FAC0040,55,2/22/2024,9/22/2025
FAC0040,73,8/14/2020,12/14/2021
FAC0040,95,12/17/2018,5/17/2020
FAC0040,9,7/13/2022,6/13/2025
FAC0040,57,8/2/2017,10/2/2018
FAC0040,61,4/26/2018,1/26/2020
FAC0040,67,5/11/2019,1/11/2022
FAC0040,18,4/24/2022,4/24/2025
FAC0040,32,6/22/2018,8/22/2019
FAC0040,33,10/23/2024,9/23/2026
FAC0040,48,5/27/2015,1/27/2018
FAC0040,81,12/28/2015,8/28/2017
FAC0040,104,10/22/2024,7/22/2027
FAC0041,6,3/11/2021,12/11/2022
FAC0041,79,9/5/2019,8/5/2021
FAC0041,86,2/15/2018,3/15/2019
FAC0041,105,7/17/2024,7/17/2027
FAC0041,110,7/6/2022,4/6/2025
FAC0041,18,12/1/2023,10/1/2025
FAC0041,32,4/8/2015,6/8/2016
FAC0041,33,12/20/2023,4/20/2026
FAC0041,48,6/8/2015,9/8/2016
FAC0041,81,9/25/2024,4/25/2026
FAC0041,104,8/28/2021,11/28/2023
FAC0041,9,5/9/2023,12/9/2025
FAC0041,57,7/9/2015,6/9/2018
FAC0041,61,7/27/2015,6/27/2017
FAC0041,67,8/21/2018,12/21/2019
FAC0045,34,5/14/2017,3/14/2019
FAC0045,54,4/7/2024,3/7/2026
FAC0045,58,9/12/2016,5/12/2018
FAC0045,66,7/16/2018,7/16/2020
FAC0045,103,12/6/2020,12/6/2023
FAC0045,18,4/14/2016,5/14/2018
FAC0045,32,11/3/2018,12/3/2019
FAC0045,33,9/4/2021,10/4/2023
FAC0045,48,8/11/2017,8/11/2020
FAC0045,81,9/27/2016,12/27/2018
FAC0045,104,1/17/2020,9/17/2022
FAC0045,37,8/2/2022,3/2/2025
FAC0045,52,9/7/2021,7/7/2024
FAC0045,,3/6/2020,2/6/2022
FAC0045,17,11/7/2021,9/7/2023
FAC0045,46,5/21/2023,2/21/2026
FAC0045,76,11/9/2024,7/9/2027
FAC0045,85,8/23/2024,3/23/2026
FAC0045,91,10/25/2015,8/25/2018
FAC0045,99,1/2/2019,6/2/2021
FAC0045,106,6/2/2021,5/2/2024
FAC0046,18,9/8/2024,9/8/2027
FAC0046,32,7/12/2024,12/12/2026
FAC0046,33,3/24/2024,5/24/2025
FAC0046,48,2/17/2023,4/17/2024
FAC0046,81,5/27/2022,12/27/2023
FAC0046,104,12/24/2021,4/24/2024
FAC0046,17,6/29/2023,6/29/2026
FAC0046,46,3/23/2020,1/23/2022
FAC0046,76,11/6/2018,12/6/2020
FAC0046,85,3/5/2018,8/5/2020
FAC0046,91,10/1/2021,4/1/2024
FAC0046,99,10/16/2015,7/16/2018
FAC0046,106,10/30/2018,7/30/2020
FAC0046,,7/6/2017,1/6/2019
FAC0049,,4/6/2016,4/6/2019
FAC0049,6,4/6/2017,4/6/2020
FAC0049,79,12/28/2019,11/28/2021
FAC0049,86,1/30/2021,11/30/2022
FAC0049,105,10/5/2022,5/5/2024
FAC0049,110,6/24/2024,4/24/2026
FAC0049,17,6/11/2015,9/11/2016
FAC0049,46,10/31/2019,9/30/2021
FAC0049,76,1/19/2024,1/19/2026
FAC0049,85,10/11/2024,4/11/2027
FAC0049,91,11/6/2019,8/6/2021
FAC0049,99,8/16/2023,2/16/2026
FAC0049,106,1/10/2017,9/10/2019
FAC0050,18,7/23/2023,2/23/2026
FAC0050,32,11/9/2015,11/9/2018
FAC0050,33,11/13/2022,9/13/2024
FAC0050,48,8/3/2019,9/3/2021
FAC0050,81,5/9/2018,4/9/2021
FAC0050,104,2/19/2017,9/19/2018
FAC0050,34,1/26/2024,4/26/2025
FAC0050,54,3/2/2020,12/2/2021
FAC0050,58,5/12/2021,10/12/2023
FAC0050,66,8/16/2018,5/16/2020
FAC0050,103,10/8/2018,1/8/2020
FAC0050,1,3/4/2024,9/4/2026
FAC0050,20,4/4/2023,7/4/2025
FAC0050,21,11/21/2021,2/21/2023
FAC0050,102,9/21/2024,12/21/2026
FAC0052,34,4/22/2023,2/22/2025
FAC0052,54,4/23/2018,12/23/2020
FAC0052,58,6/15/2018,6/15/2020
FAC0052,66,11/17/2016,7/17/2019
FAC0052,103,7/15/2019,7/15/2021
FAC0052,1,9/21/2016,7/21/2019
FAC0052,20,8/19/2015,2/19/2018
FAC0052,21,9/1/2018,3/1/2021
FAC0052,102,11/19/2018,4/19/2020
FAC0052,14,2/22/2016,8/22/2018
FAC0052,19,10/28/2015,11/28/2016
FAC0052,47,1/7/2018,8/7/2019
FAC0052,55,12/12/2017,3/12/2020
FAC0052,73,2/1/2021,3/1/2022
FAC0052,95,5/16/2016,10/16/2017
FAC0052,,1/16/2017,5/16/2018
FAC0054,1,5/6/2022,8/6/2023
FAC0054,20,5/17/2016,11/17/2017
FAC0054,21,2/15/2021,4/15/2022
FAC0054,102,4/24/2022,1/24/2024
FAC0054,,8/29/2023,6/29/2026
FAC0054,18,4/13/2016,10/13/2017
FAC0054,32,2/21/2020,5/21/2021
FAC0054,33,7/30/2017,7/30/2020
FAC0054,48,8/2/2015,2/2/2018
FAC0054,81,5/5/2023,5/5/2025
FAC0054,104,8/8/2024,12/8/2025
FAC0055,,4/7/2024,7/7/2026
FAC0055,6,7/22/2018,7/22/2021
FAC0055,79,12/25/2015,9/25/2018
FAC0055,86,3/7/2018,4/7/2019
FAC0055,105,7/30/2024,10/30/2026
FAC0055,110,10/14/2023,8/14/2026
FAC0056,14,10/15/2018,8/15/2021
FAC0056,19,12/8/2023,4/8/2026
FAC0056,47,5/20/2016,8/20/2018
FAC0056,55,4/28/2016,7/28/2018
FAC0056,73,7/17/2022,11/17/2023
FAC0056,95,5/1/2015,6/1/2017
FAC0056,18,4/28/2018,12/28/2019
FAC0056,32,9/13/2020,5/13/2023
FAC0056,33,11/6/2015,3/6/2018
FAC0056,48,12/19/2023,7/19/2026
FAC0056,81,9/17/2022,3/17/2025
FAC0056,104,12/22/2018,3/22/2020
FAC0056,,10/4/2021,10/4/2023
FAC0058,,4/21/2015,8/21/2017
FAC0058,14,7/4/2021,8/4/2023
FAC0058,19,6/12/2024,10/12/2025
FAC0058,47,7/13/2018,12/13/2019
FAC0058,55,11/10/2021,2/10/2023
FAC0058,73,5/20/2015,3/20/2017
FAC0058,95,11/19/2021,1/19/2024
FAC0058,17,6/27/2021,9/27/2023
FAC0058,46,9/29/2016,3/29/2018
FAC0058,76,6/4/2020,6/4/2023
FAC0058,85,7/6/2022,9/6/2023
FAC0058,91,5/4/2015,10/4/2017
FAC0058,99,2/13/2019,9/13/2020
FAC0058,106,3/9/2020,10/9/2021
FAC0058,6,5/20/2024,1/20/2027
FAC0058,79,8/23/2024,9/23/2026
FAC0058,86,1/3/2015,4/3/2017
FAC0058,105,7/11/2016,3/11/2019
FAC0058,110,8/17/2023,9/17/2025
FAC0058,18,9/2/2015,3/2/2018
FAC0058,32,3/6/2020,2/6/2023
FAC0058,33,8/5/2021,6/5/2024
FAC0058,48,7/14/2023,8/14/2025
FAC0058,81,5/12/2021,10/12/2022
FAC0058,104,8/8/2018,2/8/2020
FAC0059,,4/9/2022,4/9/2025
FAC0059,14,7/14/2019,1/14/2022
FAC0059,19,2/15/2022,1/15/2024
FAC0059,47,1/22/2019,4/22/2020
FAC0059,55,4/15/2019,3/15/2022
FAC0059,73,6/25/2018,7/25/2020
FAC0059,95,11/2/2021,1/2/2023
FAC0059,,12/13/2019,5/13/2022
FAC0059,6,10/9/2023,2/9/2025
FAC0059,79,9/25/2019,4/25/2022
FAC0059,86,1/18/2016,12/18/2017
FAC0059,105,11/8/2021,6/8/2024
FAC0059,110,12/11/2019,11/11/2021
FAC0063,1,6/20/2022,2/20/2024
FAC0063,20,11/18/2016,2/18/2019
FAC0063,21,5/28/2021,2/28/2024
FAC0063,102,4/25/2022,6/25/2024
FAC0063,,6/3/2015,5/3/2018
FAC0063,17,12/11/2020,12/11/2022
FAC0063,46,12/6/2017,9/6/2020
FAC0063,76,9/29/2016,11/29/2017
FAC0063,85,5/22/2015,11/22/2017
FAC0063,91,8/10/2020,6/10/2023
FAC0063,99,10/11/2016,7/11/2018
FAC0063,106,3/31/2018,6/30/2020
FAC0063,,10/24/2017,10/24/2019
FAC0065,18,3/12/2016,5/12/2017
FAC0065,32,2/13/2017,11/13/2018
FAC0065,33,1/22/2022,7/22/2023
FAC0065,48,7/26/2019,11/26/2021
FAC0065,81,6/4/2019,11/4/2020
FAC0065,104,2/28/2020,3/28/2021
FAC0065,14,8/28/2018,5/28/2020
FAC0065,19,5/1/2019,4/1/2021
FAC0065,47,9/29/2019,1/29/2022
FAC0065,55,9/26/2023,5/26/2026
FAC0065,73,5/1/2019,8/1/2020
FAC0065,95,11/12/2020,6/12/2023
FAC0067,6,8/25/2015,7/25/2018
FAC0067,79,12/17/2016,1/17/2018
FAC0067,86,3/29/2024,11/29/2025
FAC0067,105,11/12/2015,11/12/2018
FAC0067,110,7/20/2018,9/20/2020
FAC0067,,7/18/2016,3/18/2018
FAC0067,9,12/23/2017,10/23/2019
FAC0067,57,7/27/2024,1/27/2027
FAC0067,61,7/18/2016,7/18/2018
FAC0067,67,3/20/2022,6/20/2024
FAC0068,17,5/27/2017,1/27/2019
FAC0068,46,12/11/2019,7/11/2021
FAC0068,76,3/21/2023,10/21/2024
FAC0068,85,10/22/2019,6/22/2021
FAC0068,91,8/20/2024,7/20/2026
FAC0068,99,9/11/2017,12/11/2018
FAC0068,106,3/31/2019,6/30/2020
FAC0068,6,5/1/2020,4/1/2023
FAC0068,79,5/15/2017,12/15/2019
FAC0068,86,2/11/2015,11/11/2017
FAC0068,105,11/14/2022,5/14/2025
FAC0068,110,1/27/2024,12/27/2025
FAC0069,,9/13/2016,6/13/2019
FAC0069,17,8/11/2016,1/11/2018
FAC0069,46,10/16/2023,10/16/2025
FAC0069,76,2/17/2019,6/17/2021
FAC0069,85,2/28/2015,3/28/2016
FAC0069,91,11/10/2022,6/10/2024
FAC0069,99,5/29/2017,8/29/2018
FAC0069,106,8/16/2017,10/16/2019
FAC0070,6,10/19/2024,7/19/2027
FAC0070,79,9/8/2022,10/8/2023
FAC0070,86,9/25/2019,10/25/2021
FAC0070,105,12/31/2017,9/30/2019
FAC0070,110,9/22/2015,3/22/2017
FAC0070,34,4/5/2024,1/5/2027
FAC0070,54,12/30/2022,3/30/2025
FAC0070,58,10/18/2019,1/18/2021
FAC0070,66,3/7/2022,12/7/2024
FAC0070,103,3/11/2017,6/11/2019
FAC0070,14,3/14/2021,11/14/2023
FAC0070,19,5/6/2017,7/6/2018
FAC0070,47,3/12/2017,10/12/2018
FAC0070,55,2/23/2018,11/23/2020
FAC0070,73,11/6/2017,10/6/2019
FAC0070,95,2/18/2022,7/18/2023
FAC0070,1,3/14/2023,9/14/2025
FAC0070,20,4/25/2016,5/25/2018
FAC0070,21,2/22/2017,9/22/2019
FAC0070,102,10/14/2021,6/14/2024
FAC0070,,10/19/2017,10/19/2019
FAC0071,1,2/29/2016,12/29/2018
FAC0071,20,2/25/2018,11/25/2019
FAC0071,21,3/14/2022,6/14/2023
FAC0071,102,5/10/2024,7/10/2026
FAC0071,,8/14/2018,11/14/2019
FAC0071,37,11/18/2020,4/18/2022
FAC0071,52,2/22/2024,12/22/2025
FAC0072,37,10/19/2024,1/19/2027
FAC0072,52,10/18/2020,11/18/2022
FAC0072,34,5/20/2020,1/20/2022
FAC0072,54,5/17/2019,2/17/2021
FAC0072,58,11/28/2020,6/28/2023
FAC0072,66,1/28/2020,11/28/2022
FAC0072,103,9/19/2016,4/19/2019
FAC0072,17,1/15/2019,6/15/2021
FAC0072,46,7/28/2021,8/28/2022
FAC0072,76,9/21/2016,6/21/2019
FAC0072,85,1/17/2021,6/17/2022
FAC0072,91,3/8/2019,7/8/2020
FAC0072,99,11/16/2021,2/16/2023
FAC0072,106,7/26/2022,10/26/2023
FAC0073,37,6/17/2018,4/17/2020
FAC0073,52,8/13/2020,2/13/2022
FAC0073,,6/16/2018,6/16/2021
FAC0073,1,6/27/2024,2/27/2027
FAC0073,20,3/6/2024,8/6/2025
FAC0073,21,4/23/2024,10/23/2026
FAC0073,102,9/23/2015,1/23/2017
FAC0073,18,9/6/2024,10/6/2025
FAC0073,32,8/6/2018,3/6/2021
FAC0073,33,10/4/2024,10/4/2027
FAC0073,48,1/29/2021,11/29/2022
FAC0073,81,6/8/2024,3/8/2026
FAC0073,104,5/18/2021,1/18/2023
FAC0073,,9/6/2019,4/6/2022
FAC0074,18,2/15/2015,7/15/2016
FAC0074,32,11/2/2024,11/2/2026
FAC0074,33,9/12/2021,1/12/2023
FAC0074,48,11/1/2018,8/1/2021
FAC0074,81,4/28/2024,2/28/2026
FAC0074,104,11/29/2017,4/29/2020
FAC0074,,9/4/2015,3/4/2017
FAC0074,6,6/23/2020,11/23/2022
FAC0074,79,4/12/2017,7/12/2019
FAC0074,86,9/13/2020,11/13/2021
FAC0074,105,5/19/2020,1/19/2022
FAC0074,110,12/10/2015,7/10/2018
FAC0075,18,8/26/2015,4/26/2018
FAC0075,32,6/21/2022,6/21/2025
FAC0075,33,5/17/2022,10/17/2024
FAC0075,48,9/24/2019,12/24/2021
FAC0075,81,6/20/2019,5/20/2021
FAC0075,104,6/21/2021,11/21/2023
FAC0075,34,5/20/2015,8/20/2016
FAC0075,54,4/12/2016,12/12/2018
FAC0075,58,2/14/2023,5/14/2025
FAC0075,66,3/1/2023,1/1/2026
FAC0075,103,10/21/2024,2/21/2027
FAC0075,1,4/19/2018,11/19/2020
FAC0075,20,1/1/2024,9/1/2026
FAC0075,21,2/15/2020,1/15/2023
FAC0075,102,1/3/2020,4/3/2022
FAC0075,,9/5/2015,6/5/2018
FAC0076,18,9/21/2021,3/21/2023
FAC0076,32,12/17/2022,3/17/2025
FAC0076,33,8/15/2023,9/15/2025
FAC0076,48,1/11/2022,6/11/2024
FAC0076,81,10/22/2020,5/22/2023
FAC0076,104,3/28/2017,3/28/2019
FAC0076,,1/21/2019,3/21/2021
FAC0076,37,7/28/2024,4/28/2026
FAC0076,52,7/24/2023,11/24/2025
FAC0076,1,12/26/2022,6/26/2024
FAC0076,20,11/14/2022,2/14/2025
FAC0076,21,8/9/2018,11/9/2019
FAC0076,102,1/18/2024,9/18/2025
FAC0078,1,7/15/2018,9/15/2020
FAC0078,20,7/18/2018,5/18/2020
FAC0078,21,1/15/2019,4/15/2021
FAC0078,102,1/12/2024,7/12/2026
FAC0078,,10/3/2023,10/3/2025
FAC0078,14,9/1/2016,11/1/2018
FAC0078,19,7/31/2017,10/31/2018
FAC0078,47,3/4/2022,10/4/2023
FAC0078,55,8/25/2020,5/25/2023
FAC0078,73,11/1/2017,8/1/2019
FAC0078,95,7/31/2020,12/31/2022
FAC0078,9,7/16/2018,4/16/2021
FAC0078,57,11/6/2016,2/6/2018
FAC0078,61,8/15/2023,6/15/2025
FAC0078,67,11/28/2017,12/28/2018
FAC0079,37,12/22/2015,11/22/2018
FAC0079,52,4/27/2015,2/27/2017
FAC0079,,3/8/2019,7/8/2021
FAC0079,1,10/1/2023,12/1/2024
FAC0079,20,6/29/2016,6/29/2019
FAC0079,21,6/19/2021,5/19/2024
FAC0079,102,6/8/2024,9/8/2025
FAC0081,17,5/4/2024,3/4/2027
FAC0081,46,4/15/2023,10/15/2024
FAC0081,76,1/14/2016,2/14/2018
FAC0081,85,6/21/2024,11/21/2026
FAC0081,91,7/11/2015,6/11/2018
FAC0081,99,1/18/2023,10/18/2025
FAC0081,106,1/20/2020,10/20/2022
FAC0081,18,2/1/2019,2/1/2022
FAC0081,32,12/29/2020,11/29/2023
FAC0081,33,9/21/2021,10/21/2023
FAC0081,48,8/13/2017,6/13/2019
FAC0081,81,7/29/2020,2/28/2023
FAC0081,104,1/5/2017,2/5/2019
FAC0081,37,4/24/2021,10/24/2022
FAC0081,52,12/21/2019,11/21/2022
FAC0083,9,3/17/2019,11/17/2020
FAC0083,57,7/11/2018,10/11/2019
FAC0083,61,3/24/2019,8/24/2020
FAC0083,67,8/2/2016,1/2/2019
FAC0083,18,3/19/2019,8/19/2021
FAC0083,32,3/7/2019,5/7/2021
FAC0083,33,9/21/2019,4/21/2022
FAC0083,48,10/25/2016,8/25/2019
FAC0083,81,7/6/2023,8/6/2025
FAC0083,104,7/26/2019,3/26/2021
FAC0083,,3/30/2018,9/30/2020
FAC0084,17,11/2/2018,7/2/2021
FAC0084,46,10/28/2017,12/28/2019
FAC0084,76,1/28/2024,3/28/2026
FAC0084,85,5/3/2015,11/3/2016
FAC0084,91,3/14/2016,6/14/2018
FAC0084,99,10/6/2016,5/6/2019
FAC0084,106,8/3/2021,11/3/2023
FAC0084,18,8/25/2017,11/25/2019
FAC0084,32,3/5/2020,9/5/2021
FAC0084,33,2/27/2022,12/27/2023
FAC0084,48,8/19/2016,5/19/2018
FAC0084,81,8/4/2019,8/4/2022
FAC0084,104,12/13/2016,7/13/2019
FAC0084,34,8/1/2019,7/1/2021
FAC0084,54,5/4/2020,6/4/2022
FAC0084,58,7/14/2020,11/14/2022
FAC0084,66,6/12/2021,7/12/2023
FAC0084,103,6/19/2017,6/19/2020
FAC0085,6,3/10/2020,6/10/2021
FAC0085,79,10/25/2021,10/25/2023
FAC0085,86,6/2/2021,12/2/2023
FAC0085,105,6/19/2021,2/19/2023
FAC0085,110,11/3/2022,5/3/2025
FAC0085,,7/1/2016,6/1/2018
FAC0085,9,4/29/2021,7/29/2022
FAC0085,57,10/21/2017,9/21/2019
FAC0085,61,2/4/2016,11/4/2017
FAC0085,67,11/6/2023,3/6/2025
FAC0086,14,7/17/2018,5/17/2021
FAC0086,19,9/16/2019,7/16/2021
FAC0086,47,11/27/2018,6/27/2021
FAC0086,55,6/13/2023,3/13/2026
FAC0086,73,11/26/2022,3/26/2025
FAC0086,95,12/27/2024,2/27/2027
FAC0086,,10/4/2015,7/4/2017
FAC0086,6,10/27/2017,8/27/2020
FAC0086,79,12/24/2024,5/24/2026
FAC0086,86,8/6/2021,5/6/2024
FAC0086,105,11/13/2018,9/13/2021
FAC0086,110,3/18/2018,8/18/2020
FAC0086,17,3/25/2022,2/25/2024
FAC0086,46,10/2/2019,10/2/2021
FAC0086,76,6/30/2018,7/30/2020
FAC0086,85,9/30/2023,3/30/2025
FAC0086,91,10/30/2022,12/30/2023
FAC0086,99,8/21/2016,1/21/2018
FAC0086,106,8/10/2018,12/10/2020
FAC0086,1,11/11/2017,3/11/2019
FAC0086,20,8/13/2022,12/13/2023
FAC0086,21,3/8/2018,4/8/2020
FAC0086,102,2/3/2017,7/3/2019
FAC0087,18,7/7/2015,2/7/2017
FAC0087,32,5/23/2022,5/23/2025
FAC0087,33,11/5/2024,12/5/2026
FAC0087,48,11/23/2016,1/23/2018
FAC0087,81,12/23/2020,11/23/2022
FAC0087,104,2/27/2016,6/27/2018
FAC0087,,12/22/2021,8/22/2023
FAC0087,34,1/16/2021,11/16/2022
FAC0087,54,4/17/2016,10/17/2018
FAC0087,58,3/26/2024,7/26/2025
FAC0087,66,4/2/2023,11/2/2025
FAC0087,103,12/10/2020,6/10/2023
FAC0087,14,5/31/2023,1/31/2025
FAC0087,19,2/15/2016,1/15/2019
FAC0087,47,2/11/2021,5/11/2023
FAC0087,55,8/3/2024,4/3/2026
FAC0087,73,11/17/2017,5/17/2019
FAC0087,95,5/16/2018,12/16/2019
FAC0090,18,8/16/2022,8/16/2025
FAC0090,32,9/8/2020,10/8/2022
FAC0090,33,12/26/2017,7/26/2019
FAC0090,48,1/11/2021,3/11/2022
FAC0090,81,10/24/2016,5/24/2018
FAC0090,104,12/9/2017,5/9/2020
FAC0090,34,9/19/2016,1/19/2019
FAC0090,54,1/24/2015,3/24/2017
FAC0090,58,7/6/2016,3/6/2018
FAC0090,66,12/6/2017,1/6/2020
FAC0090,103,10/8/2017,4/8/2019
FAC0090,,2/1/2016,2/1/2019
FAC0090,37,8/27/2018,2/27/2021
FAC0090,52,2/19/2016,5/19/2018
FAC0091,9,9/27/2023,5/27/2025
FAC0091,57,1/19/2016,4/19/2018
FAC0091,61,2/14/2023,6/14/2024
FAC0091,67,12/18/2024,6/18/2026
FAC0091,34,5/20/2023,7/20/2024
FAC0091,54,11/12/2024,2/12/2027
FAC0091,58,5/5/2016,7/5/2017
FAC0091,66,3/25/2020,1/25/2023
FAC0091,103,7/21/2024,8/21/2026
FAC0091,1,4/26/2021,12/26/2022
FAC0091,20,7/10/2016,5/10/2018
FAC0091,21,12/22/2015,11/22/2017
FAC0091,102,1/14/2019,4/14/2020
FAC0094,37,6/23/2017,1/23/2020
FAC0094,52,12/25/2023,1/25/2025
FAC0094,,3/26/2021,8/26/2023
FAC0094,14,2/7/2019,8/7/2020
FAC0094,19,6/12/2015,1/12/2017
FAC0094,47,1/18/2017,3/18/2018
FAC0094,55,1/31/2021,11/30/2023
FAC0094,73,11/6/2018,9/6/2021
FAC0094,95,2/4/2021,6/4/2023
FAC0095,17,10/21/2017,4/21/2019
FAC0095,46,12/12/2019,12/12/2022
FAC0095,76,2/1/2021,5/1/2023
FAC0095,85,10/17/2016,12/17/2018
FAC0095,91,11/27/2015,7/27/2018
FAC0095,99,4/15/2017,10/15/2019
FAC0095,106,1/3/2018,10/3/2020
FAC0095,37,10/7/2019,1/7/2022
FAC0095,52,4/22/2024,6/22/2025
FAC0095,18,8/3/2019,5/3/2022
FAC0095,32,6/17/2021,7/17/2023
FAC0095,33,2/11/2015,5/11/2016
FAC0095,48,9/12/2017,5/12/2020
FAC0095,81,4/22/2017,11/22/2019
FAC0095,104,5/26/2017,2/26/2020
FAC0097,,1/6/2017,5/6/2018
FAC0097,6,1/22/2023,6/22/2025
FAC0097,79,6/11/2015,6/11/2017
FAC0097,86,5/10/2016,1/10/2019
FAC0097,105,5/9/2017,11/9/2018
FAC0097,110,2/10/2020,3/10/2021
FAC0097,14,8/27/2020,6/27/2023
FAC0097,19,8/4/2018,10/4/2020
FAC0097,47,2/25/2023,6/25/2025
FAC0097,55,4/11/2021,2/11/2023
FAC0097,73,11/7/2015,7/7/2018
FAC0097,95,9/6/2023,3/6/2025
FAC0098,6,11/23/2019,8/23/2021
FAC0098,79,7/17/2019,8/17/2020
FAC0098,86,12/27/2021,9/27/2023
FAC0098,105,3/27/2019,5/27/2020
FAC0098,110,10/13/2024,12/13/2025
FAC0098,,11/23/2023,3/23/2026
FAC0099,14,5/30/2020,2/28/2022
FAC0099,19,1/17/2022,10/17/2024
FAC0099,47,3/30/2015,6/30/2017
FAC0099,55,6/7/2016,5/7/2019
FAC0099,73,11/29/2022,8/29/2025
FAC0099,95,6/12/2024,9/12/2025
FAC0099,1,9/8/2024,7/8/2027
FAC0099,20,1/30/2018,9/30/2020
FAC0099,21,5/29/2017,8/29/2018
FAC0099,102,3/6/2018,6/6/2020
FAC0099,,11/12/2018,4/12/2021
FAC0099,37,11/22/2016,12/22/2018
FAC0099,52,10/20/2018,2/20/2020
FAC0100,14,12/9/2017,4/9/2020
FAC0100,19,6/16/2020,2/16/2023
FAC0100,47,9/27/2023,1/27/2025
FAC0100,55,10/9/2023,10/9/2025
FAC0100,73,2/7/2024,9/7/2025
FAC0100,95,2/7/2015,11/7/2016
FAC0100,,8/15/2017,9/15/2018
FAC0100,,9/8/2023,9/8/2025
FAC0100,17,8/31/2018,4/30/2020
FAC0100,46,4/10/2016,9/10/2018
FAC0100,76,2/7/2015,11/7/2017
FAC0100,85,3/8/2020,7/8/2022
FAC0100,91,8/6/2020,5/6/2023
FAC0100,99,1/30/2021,5/30/2023
FAC0100,106,3/7/2024,3/7/2027
FAC0100,6,5/18/2017,3/18/2019
FAC0100,79,3/6/2019,4/6/2020
FAC0100,86,10/30/2015,12/30/2017
FAC0100,105,10/8/2019,6/8/2022
FAC0100,110,3/30/2015,10/30/2016
FAC0101,18,2/18/2021,11/18/2023
FAC0101,32,10/11/2020,9/11/2022
FAC0101,33,8/10/2015,8/10/2017
FAC0101,48,3/27/2016,11/27/2017
FAC0101,81,8/1/2024,10/1/2025
FAC0101,104,7/23/2023,3/23/2026
FAC0101,,10/9/2020,9/9/2023
FAC0101,1,1/8/2017,2/8/2019
FAC0101,20,7/15/2021,6/15/2024
FAC0101,21,12/30/2017,11/30/2020
FAC0101,102,10/6/2016,2/6/2019
FAC0101,6,3/29/2023,2/28/2025
FAC0101,79,6/29/2018,7/29/2020
FAC0101,86,1/18/2019,2/18/2021
FAC0101,105,3/19/2016,9/19/2018
FAC0101,110,11/20/2018,4/20/2021
FAC0102,,6/13/2023,12/13/2024
FAC0102,9,1/23/2017,7/23/2018
FAC0102,57,5/20/2019,2/20/2021
FAC0102,61,10/10/2020,3/10/2022
FAC0102,67,7/20/2015,6/20/2017
FAC0102,14,11/30/2020,2/28/2022
FAC0102,19,3/22/2015,9/22/2017
FAC0102,47,6/26/2020,10/26/2021
FAC0102,55,9/22/2016,9/22/2019
FAC0102,73,8/10/2024,4/10/2027
FAC0102,95,5/26/2022,5/26/2025
FAC0104,,12/13/2017,5/13/2020
FAC0104,37,12/21/2016,5/21/2018
FAC0104,52,1/9/2016,2/9/2017
FAC0104,17,5/1/2016,7/1/2018
FAC0104,46,9/3/2015,3/3/2017
FAC0104,76,12/30/2023,10/30/2025
FAC0104,85,12/22/2022,6/22/2024
FAC0104,91,2/17/2016,12/17/2017
FAC0104,99,11/12/2022,10/12/2024
FAC0104,106,8/30/2019,6/30/2022
FAC0105,14,2/22/2022,12/22/2024
FAC0105,19,6/30/2022,7/30/2024
FAC0105,47,4/10/2015,3/10/2017
FAC0105,55,5/29/2024,4/29/2027
FAC0105,73,1/9/2019,2/9/2020
FAC0105,95,2/7/2024,3/7/2026
FAC0105,37,1/22/2017,8/22/2018
FAC0105,52,6/30/2019,7/30/2021
FAC0105,17,7/26/2020,12/26/2021
FAC0105,46,11/23/2020,11/23/2023
FAC0105,76,7/10/2021,1/10/2023
FAC0105,85,5/17/2017,9/17/2018
FAC0105,91,12/14/2018,11/14/2020
FAC0105,99,7/6/2015,9/6/2017
FAC0105,106,10/28/2016,1/28/2018
FAC0105,,3/21/2024,9/21/2026
FAC0106,1,1/10/2020,4/10/2022
FAC0106,20,4/1/2015,10/1/2017
FAC0106,21,1/3/2017,3/3/2018
FAC0106,102,9/30/2018,11/30/2020
FAC0106,18,7/20/2019,1/20/2022
FAC0106,32,2/1/2019,11/1/2021
FAC0106,33,9/17/2019,11/17/2020
FAC0106,48,3/29/2019,3/29/2022
FAC0106,81,12/12/2023,6/12/2026
FAC0106,104,2/28/2020,8/28/2022
FAC0106,,5/7/2018,5/7/2020
FAC0107,,6/30/2022,9/30/2023
FAC0107,9,2/25/2018,3/25/2019
FAC0107,57,1/15/2019,6/15/2021
FAC0107,61,1/15/2018,3/15/2020
FAC0107,67,4/18/2022,3/18/2024
FAC0107,18,5/27/2024,8/27/2025
FAC0107,32,6/20/2017,6/20/2020
FAC0107,33,12/14/2017,9/14/2020
FAC0107,48,11/8/2024,4/8/2026
FAC0107,81,4/12/2018,12/12/2020
FAC0107,104,5/1/2015,5/1/2018
FAC0107,1,8/9/2018,6/9/2020
FAC0107,20,11/7/2017,11/7/2020
FAC0107,21,10/10/2016,4/10/2018
FAC0107,102,1/7/2017,8/7/2019
FAC0113,17,12/21/2018,1/21/2021
FAC0113,46,6/7/2021,12/7/2022
FAC0113,76,2/18/2024,10/18/2025
FAC0113,85,3/28/2019,11/28/2020
FAC0113,91,11/12/2017,1/12/2019
FAC0113,99,5/28/2019,8/28/2020
FAC0113,106,5/17/2017,3/17/2020
FAC0113,6,11/7/2016,10/7/2019
FAC0113,79,11/9/2017,4/9/2020
FAC0113,86,11/15/2024,5/15/2027
FAC0113,105,12/7/2024,11/7/2027
FAC0113,110,1/1/2019,5/1/2020
FAC0113,34,5/25/2016,7/25/2017
FAC0113,54,10/2/2024,6/2/2026
FAC0113,58,10/3/2018,3/3/2020
FAC0113,66,6/30/2020,8/30/2022
FAC0113,103,7/13/2021,8/13/2022
FAC0113,9,10/27/2015,9/27/2017
FAC0113,57,10/5/2015,8/5/2017
FAC0113,61,11/13/2023,2/13/2026
FAC0113,67,4/5/2017,1/5/2020
FAC0114,34,10/24/2020,1/24/2023
FAC0114,54,12/25/2019,10/25/2021
FAC0114,58,11/16/2019,11/16/2021
FAC0114,66,11/18/2017,5/18/2020
FAC0114,103,9/29/2019,10/29/2021
FAC0114,37,12/15/2016,4/15/2018
FAC0114,52,3/22/2024,6/22/2025
FAC0114,,3/27/2015,8/27/2016
FAC0114,14,4/12/2016,5/12/2017
FAC0114,19,1/16/2015,4/16/2016
FAC0114,47,5/14/2020,6/14/2021
FAC0114,55,1/28/2023,10/28/2024
FAC0114,73,3/2/2021,1/2/2023
FAC0114,95,5/20/2022,1/20/2024
FAC0114,9,8/4/2023,2/4/2026
FAC0114,57,4/29/2023,5/29/2025
FAC0114,61,12/19/2016,6/19/2018
FAC0114,67,1/30/2020,9/30/2022
FAC0115,9,11/14/2016,7/14/2019
FAC0115,57,10/16/2019,3/16/2022
FAC0115,61,7/29/2022,6/29/2024
FAC0115,67,9/9/2020,4/9/2023
FAC0115,,4/18/2023,3/18/2026
FAC0115,17,3/29/2019,1/29/2021
FAC0115,46,6/2/2020,11/2/2022
FAC0115,76,6/2/2016,12/2/2018
FAC0115,85,9/9/2018,12/9/2019
FAC0115,91,12/12/2017,4/12/2020
FAC0115,99,9/22/2023,1/22/2026
FAC0115,106,5/19/2023,11/19/2024
FAC0115,1,9/22/2020,8/22/2022
FAC0115,20,4/28/2019,11/28/2020
FAC0115,21,5/14/2022,7/14/2024
FAC0115,102,2/7/2024,3/7/2026
FAC0115,,2/22/2019,12/22/2020
FAC0118,6,9/10/2016,3/10/2018
FAC0118,79,11/18/2016,6/18/2018
FAC0118,86,4/2/2015,3/2/2018
FAC0118,105,5/24/2017,7/24/2019
FAC0118,110,11/27/2017,11/27/2019
FAC0118,17,6/19/2024,1/19/2027
FAC0118,46,10/22/2017,7/22/2019
FAC0118,76,1/30/2018,5/30/2019
FAC0118,85,10/15/2024,11/15/2025
FAC0118,91,11/23/2019,12/23/2021
FAC0118,99,12/7/2017,2/7/2020
FAC0118,106,5/14/2022,7/14/2024
FAC0118,18,2/15/2016,3/15/2017
FAC0118,32,3/1/2023,8/1/2025
FAC0118,33,9/28/2019,11/28/2020
FAC0118,48,1/2/2018,3/2/2020
FAC0118,81,6/13/2024,2/13/2026
FAC0118,104,2/3/2015,10/3/2017
FAC0118,14,2/2/2018,1/2/2021
FAC0118,19,12/7/2021,11/7/2024
FAC0118,47,10/18/2024,10/18/2027
FAC0118,55,8/22/2020,6/22/2023
FAC0118,73,12/21/2023,1/21/2026
FAC0118,95,7/7/2016,11/7/2017
FAC0118,,1/20/2019,1/20/2021
FAC0120,18,4/21/2021,5/21/2023
FAC0120,32,1/31/2015,1/31/2018
FAC0120,33,10/8/2019,4/8/2021
FAC0120,48,1/22/2018,7/22/2020
FAC0120,81,2/28/2019,9/28/2020
FAC0120,104,5/10/2022,8/10/2024
FAC0120,,5/13/2015,8/13/2017
FAC0121,6,11/15/2015,2/15/2018
FAC0121,79,10/21/2018,11/21/2020
FAC0121,86,7/23/2021,6/23/2023
FAC0121,105,11/23/2019,8/23/2022
FAC0121,110,8/10/2022,12/10/2023
FAC0121,1,9/3/2015,8/3/2018
FAC0121,20,9/1/2015,3/1/2017
FAC0121,21,7/19/2018,2/19/2021
FAC0121,102,1/6/2016,10/6/2017
FAC0123,6,6/20/2018,8/20/2019
FAC0123,79,10/18/2022,3/18/2024
FAC0123,86,3/3/2023,12/3/2025
FAC0123,105,2/23/2017,7/23/2019
FAC0123,110,10/31/2017,4/30/2019
FAC0123,,9/17/2017,6/17/2020
FAC0123,37,1/7/2022,4/7/2024
FAC0123,52,7/2/2015,12/2/2016
FAC0126,6,2/19/2019,9/19/2020
FAC0126,79,6/22/2024,2/22/2026
FAC0126,86,1/3/2024,1/3/2026
FAC0126,105,8/30/2021,1/30/2023
FAC0126,110,2/10/2015,7/10/2016
FAC0126,34,7/26/2023,4/26/2026
FAC0126,54,7/1/2022,12/1/2023
FAC0126,58,1/8/2023,6/8/2025
FAC0126,66,3/8/2022,6/8/2024
FAC0126,103,12/10/2023,5/10/2026
FAC0126,9,8/18/2016,7/18/2018
FAC0126,57,8/24/2015,9/24/2017
FAC0126,61,11/11/2020,11/11/2023
FAC0126,67,3/31/2018,5/31/2019
FAC0127,1,12/15/2015,9/15/2018
FAC0127,20,6/28/2015,2/28/2017
FAC0127,21,12/16/2015,2/16/2017
FAC0127,102,6/1/2020,5/1/2022
FAC0127,34,5/23/2017,3/23/2020
FAC0127,54,10/4/2021,2/4/2024
FAC0127,58,6/10/2016,1/10/2019
FAC0127,66,8/18/2018,4/18/2021
FAC0127,103,8/4/2019,3/4/2021
FAC0127,14,5/6/2024,2/6/2026
FAC0127,19,1/4/2023,9/4/2024
FAC0127,47,5/7/2019,3/7/2021
FAC0127,55,1/10/2020,7/10/2022
FAC0127,73,10/14/2023,2/14/2026
FAC0127,95,10/23/2024,10/23/2026
FAC0127,17,1/6/2017,9/6/2019
FAC0127,46,10/16/2016,6/16/2019
FAC0127,76,5/30/2015,8/30/2016
FAC0127,85,4/3/2018,11/3/2020
FAC0127,91,7/23/2018,3/23/2020
FAC0127,99,3/19/2024,11/19/2026
FAC0127,106,7/5/2021,2/5/2023
FAC0130,14,3/11/2021,9/11/2022
FAC0130,19,2/19/2016,7/19/2017
FAC0130,47,6/27/2020,3/27/2022
FAC0130,55,2/13/2016,12/13/2017
FAC0130,73,6/26/2020,11/26/2022
FAC0130,95,4/19/2015,9/19/2016
FAC0130,,9/30/2021,2/28/2023
FAC0132,9,6/19/2019,6/19/2021
FAC0132,57,2/20/2017,6/20/2019
FAC0132,61,3/17/2017,5/17/2019
FAC0132,67,11/14/2018,4/14/2020
FAC0132,,9/12/2018,10/12/2019
FAC0132,,8/22/2015,1/22/2018
FAC0134,,2/28/2021,5/28/2022
FAC0134,9,5/31/2023,6/30/2024
FAC0134,57,12/10/2021,7/10/2024
FAC0134,61,12/10/2017,7/10/2020
FAC0134,67,10/19/2024,2/19/2027
FAC0134,18,2/21/2015,7/21/2017
FAC0134,32,5/3/2020,10/3/2021
FAC0134,33,3/31/2020,8/31/2021
FAC0134,48,10/24/2019,11/24/2020
FAC0134,81,12/8/2021,3/8/2023
FAC0134,104,2/3/2020,4/3/2022
FAC0134,1,3/15/2021,5/15/2022
FAC0134,20,1/14/2024,2/14/2025
FAC0134,21,3/12/2020,3/12/2022
FAC0134,102,8/9/2016,9/9/2017
FAC0135,,4/26/2024,6/26/2025
FAC0135,14,6/18/2015,1/18/2018
FAC0135,19,1/13/2017,8/13/2018
FAC0135,47,8/27/2017,10/27/2019
FAC0135,55,1/31/2015,11/30/2016
FAC0135,73,6/18/2017,6/18/2019
FAC0135,95,11/21/2021,10/21/2024
FAC0135,18,8/17/2022,10/17/2024
FAC0135,32,6/29/2017,6/29/2020
FAC0135,33,7/24/2015,12/24/2016
FAC0135,48,11/24/2024,1/24/2026
FAC0135,81,12/28/2017,3/28/2019
FAC0135,104,8/31/2021,10/31/2023
FAC0136,9,3/16/2021,1/16/2023
FAC0136,57,3/30/2021,7/30/2022
FAC0136,61,11/9/2020,8/9/2022
FAC0136,67,3/29/2019,2/28/2021
FAC0136,14,9/23/2023,8/23/2026
FAC0136,19,9/6/2018,10/6/2020
FAC0136,47,6/4/2019,3/4/2021
FAC0136,55,9/18/2016,9/18/2019
FAC0136,73,11/13/2021,5/13/2023
FAC0136,95,3/3/2022,10/3/2024
FAC0137,9,5/17/2015,1/17/2017
FAC0137,57,7/2/2019,12/2/2021
FAC0137,61,11/28/2021,1/28/2023
FAC0137,67,6/1/2022,1/1/2024
FAC0137,,10/8/2024,6/8/2026
FAC0137,37,9/21/2016,3/21/2018
FAC0137,52,2/11/2023,3/11/2024
FAC0137,18,8/27/2023,8/27/2025
FAC0137,32,10/2/2015,12/2/2016
FAC0137,33,3/28/2016,4/28/2018
FAC0137,48,7/18/2016,2/18/2018
FAC0137,81,5/17/2019,5/17/2022
FAC0137,104,3/7/2021,3/7/2023
